userId,username,type,description,amount,createdAt
cmoilcgeq389cqo0f7wk908dj,BANNED-Attacker,BONUS,Hoşgeldin bonusu (tek seferlik),10,2026-04-28 12:17:10.432
cmoilcgeq389cqo0f7wk908dj,BANNED-Attacker,USAGE,Desen üretimi,-1000,2026-04-28 12:18:46.818
cmoilcgeq389cqo0f7wk908dj,BANNED-Attacker,USAGE,Desen üretimi,100,2026-04-28 12:19:04.57
cmoilcgeq389cqo0f7wk908dj,BANNED-Attacker,USAGE,Desen üretimi,5000,2026-04-28 12:19:46.965
cmoilcgeq389cqo0f7wk908dj,BANNED-Attacker,USAGE,PATTERN_GENERATION - Sapphire Neural Core v4,-2,2026-04-28 12:19:47.949
cmoilcgeq389cqo0f7wk908dj,BANNED-Attacker,USAGE,PATTERN_GENERATION - Sapphire Neural Core v4,-2,2026-04-28 12:20:18.354
cmoilcgeq389cqo0f7wk908dj,BANNED-Attacker,USAGE,PATTERN_GENERATION - Sapphire Neural Core v4,-2,2026-04-28 12:22:19.729
cmoilcgeq389cqo0f7wk908dj,BANNED-Attacker,USAGE,Desen üretimi,-1,2026-04-28 12:22:50.156
cmoilcgeq389cqo0f7wk908dj,BANNED-Attacker,USAGE,Desen üretimi,0,2026-04-28 12:22:50.636
cmoilcgeq389cqo0f7wk908dj,BANNED-Attacker,USAGE,PATTERN_GENERATION - Sapphire Neural Core v4,-2,2026-04-28 12:22:51.507
cmoilcgeq389cqo0f7wk908dj,BANNED-Attacker,REFUND,Engine Sync Failure - Refunded,2,2026-04-28 12:22:51.529
cmoilcgeq389cqo0f7wk908dj,BANNED-Attacker,USAGE,PATTERN_GENERATION - Sapphire Neural Core v4,-2,2026-04-28 12:27:40.213
cmoilcgeq389cqo0f7wk908dj,BANNED-Attacker,USAGE,PATTERN_GENERATION - Sapphire Neural Core v4,-2,2026-04-28 12:29:40.975
cmoilcgeq389cqo0f7wk908dj,BANNED-Attacker,USAGE,PATTERN_GENERATION - Sapphire Neural Core v4,-2,2026-04-28 12:31:10.572
cmoilcgeq389cqo0f7wk908dj,BANNED-Attacker,USAGE,PATTERN_GENERATION - Sapphire Neural Core v4,-2,2026-04-28 12:31:36.272
cmoilcgeq389cqo0f7wk908dj,BANNED-Attacker,USAGE,PATTERN_GENERATION - Sapphire Neural Core v4,-2,2026-04-28 12:31:36.28
cmoilcgeq389cqo0f7wk908dj,BANNED-Attacker,USAGE,PATTERN_GENERATION - Sapphire Neural Core v4,-2,2026-04-28 12:31:36.287
cmoilcgeq389cqo0f7wk908dj,BANNED-Attacker,USAGE,PATTERN_GENERATION - Sapphire Neural Core v4,-2,2026-04-28 12:31:36.321
cmoilcgeq389cqo0f7wk908dj,BANNED-Attacker,USAGE,PATTERN_GENERATION - Sapphire Neural Core v4,-2,2026-04-28 12:31:36.325
cmoilcgeq389cqo0f7wk908dj,BANNED-Attacker,USAGE,PATTERN_GENERATION - Sapphire Neural Core v4,-2,2026-04-28 12:32:08.666
cmoilcgeq389cqo0f7wk908dj,BANNED-Attacker,REFUND,Engine Sync Failure - Refunded,2,2026-04-28 12:32:08.683
cmoilcgeq389cqo0f7wk908dj,BANNED-Attacker,USAGE,Export: PDF,-1,2026-04-28 12:32:39.174
cmoilcgeq389cqo0f7wk908dj,BANNED-Attacker,USAGE,"Export: PDF, TIFF, PSD",-5,2026-04-28 12:32:42.218
cmoilcgeq389cqo0f7wk908dj,BANNED-Attacker,USAGE,PATTERN_GENERATION - Sapphire Neural Core v4,-2,2026-04-28 12:33:22.588
cmoilcgeq389cqo0f7wk908dj,BANNED-Attacker,USAGE,Desen üretimi,10000,2026-04-28 12:34:11.771
cmoilcgeq389cqo0f7wk908dj,BANNED-Attacker,USAGE,PATTERN_GENERATION - Sapphire Neural Core v4,-2,2026-04-28 12:37:09.037
cmoilcgeq389cqo0f7wk908dj,BANNED-Attacker,REFUND,Engine Sync Failure - Refunded,2,2026-04-28 12:37:09.051
cmoilcgeq389cqo0f7wk908dj,BANNED-Attacker,USAGE,PATTERN_GENERATION - Sapphire Neural Core v4,-2,2026-04-28 12:48:46.675
cmoilcgeq389cqo0f7wk908dj,BANNED-Attacker,USAGE,PATTERN_GENERATION - Sapphire Neural Core v4,-2,2026-04-28 12:49:02.868
cmoilcgeq389cqo0f7wk908dj,BANNED-Attacker,REFUND,Engine Sync Failure - Refunded,2,2026-04-28 12:49:03.588
cmoilcgeq389cqo0f7wk908dj,BANNED-Attacker,USAGE,PATTERN_GENERATION - Sapphire Neural Core v4,-2,2026-04-28 12:49:12.003
cmoilcgeq389cqo0f7wk908dj,BANNED-Attacker,USAGE,PATTERN_GENERATION - Sapphire Neural Core v4,-2,2026-04-28 12:49:20.023
cmoilcgeq389cqo0f7wk908dj,BANNED-Attacker,REFUND,Engine Sync Failure - Refunded,2,2026-04-28 12:49:20.717
cmoilcgeq389cqo0f7wk908dj,BANNED-Attacker,USAGE,PATTERN_GENERATION - Sapphire Neural Core v4,-2,2026-04-28 12:49:21.199
cmoilcgeq389cqo0f7wk908dj,BANNED-Attacker,REFUND,Engine Sync Failure - Refunded,2,2026-04-28 12:49:21.377
cmoilcgeq389cqo0f7wk908dj,BANNED-Attacker,USAGE,PATTERN_GENERATION - Sapphire Neural Core v4,-2,2026-04-28 12:49:21.947
cmoilcgeq389cqo0f7wk908dj,BANNED-Attacker,USAGE,PATTERN_GENERATION - Sapphire Neural Core v4,-2,2026-04-28 12:49:22.562
cmoilcgeq389cqo0f7wk908dj,BANNED-Attacker,REFUND,Engine Sync Failure - Refunded,2,2026-04-28 12:49:22.737
cmoilcgeq389cqo0f7wk908dj,BANNED-Attacker,USAGE,PATTERN_GENERATION - Sapphire Neural Core v4,-2,2026-04-28 12:49:47.047
cmoilcgeq389cqo0f7wk908dj,BANNED-Attacker,USAGE,PATTERN_GENERATION - Sapphire Neural Core v4,-2,2026-04-28 12:50:52.545
cmoilcgeq389cqo0f7wk908dj,BANNED-Attacker,REFUND,Engine Sync Failure - Refunded,2,2026-04-28 12:50:53.267
cmoilcgeq389cqo0f7wk908dj,BANNED-Attacker,USAGE,PATTERN_GENERATION - Sapphire Neural Core v4,-2,2026-04-28 12:51:14.188
cmoilcgeq389cqo0f7wk908dj,BANNED-Attacker,REFUND,Engine Sync Failure - Refunded,2,2026-04-28 12:51:15.412
cmoilcgeq389cqo0f7wk908dj,BANNED-Attacker,USAGE,PATTERN_GENERATION - Sapphire Neural Core v4,-2,2026-04-28 12:51:16
cmoilcgeq389cqo0f7wk908dj,BANNED-Attacker,USAGE,PATTERN_GENERATION - Sapphire Neural Core v4,-2,2026-04-28 12:51:16.749
cmoilcgeq389cqo0f7wk908dj,BANNED-Attacker,USAGE,PATTERN_GENERATION - Sapphire Neural Core v4,-2,2026-04-28 12:52:01.015
cmoilcgeq389cqo0f7wk908dj,BANNED-Attacker,USAGE,PATTERN_GENERATION - Sapphire Neural Core v4,-2,2026-04-28 12:52:24.229
cmoilcgeq389cqo0f7wk908dj,BANNED-Attacker,USAGE,PATTERN_GENERATION - Sapphire Neural Core v4,-2,2026-04-28 12:52:50.589
cmoilcgeq389cqo0f7wk908dj,BANNED-Attacker,USAGE,PATTERN_GENERATION - Sapphire Neural Core v4,-2,2026-04-28 12:52:58.137
cmoilcgeq389cqo0f7wk908dj,BANNED-Attacker,USAGE,PATTERN_GENERATION - Sapphire Neural Core v4,-2,2026-04-28 12:53:28.635
cmoilcgeq389cqo0f7wk908dj,BANNED-Attacker,USAGE,PATTERN_GENERATION - Sapphire Neural Core v4,-2,2026-04-28 12:55:11.895
cmoilcgeq389cqo0f7wk908dj,BANNED-Attacker,USAGE,PATTERN_GENERATION - Sapphire Neural Core v4,-2,2026-04-28 12:55:46.851
cmoilcgeq389cqo0f7wk908dj,BANNED-Attacker,REFUND,Engine Sync Failure - Refunded,2,2026-04-28 12:55:47.556
cmoilcgeq389cqo0f7wk908dj,BANNED-Attacker,USAGE,PATTERN_GENERATION - Sapphire Neural Core v4,-2,2026-04-28 12:56:13.388
cmoilcgeq389cqo0f7wk908dj,BANNED-Attacker,REFUND,Engine Sync Failure - Refunded,2,2026-04-28 12:56:14.091
cmoilcgeq389cqo0f7wk908dj,BANNED-Attacker,USAGE,PATTERN_GENERATION - Sapphire Neural Core v4,-2,2026-04-28 12:56:14.6
cmoilcgeq389cqo0f7wk908dj,BANNED-Attacker,REFUND,Engine Sync Failure - Refunded,2,2026-04-28 12:56:14.783
cmoilcgeq389cqo0f7wk908dj,BANNED-Attacker,USAGE,PATTERN_GENERATION - Sapphire Neural Core v4,-2,2026-04-28 12:56:15.353
cmoilcgeq389cqo0f7wk908dj,BANNED-Attacker,REFUND,Engine Sync Failure - Refunded,2,2026-04-28 12:56:15.595
cmoilcgeq389cqo0f7wk908dj,BANNED-Attacker,USAGE,PATTERN_GENERATION - Sapphire Neural Core v4,-2,2026-04-28 12:56:16.193
cmoilcgeq389cqo0f7wk908dj,BANNED-Attacker,REFUND,Engine Sync Failure - Refunded,2,2026-04-28 12:56:16.446
cmoilcgeq389cqo0f7wk908dj,BANNED-Attacker,USAGE,PATTERN_GENERATION - Sapphire Neural Core v4,-2,2026-04-28 12:56:17.043
cmoilcgeq389cqo0f7wk908dj,BANNED-Attacker,REFUND,Engine Sync Failure - Refunded,2,2026-04-28 12:56:17.247
cmoilcgeq389cqo0f7wk908dj,BANNED-Attacker,USAGE,PATTERN_GENERATION - Sapphire Neural Core v4,-2,2026-04-28 12:56:17.835
cmoilcgeq389cqo0f7wk908dj,BANNED-Attacker,REFUND,Engine Sync Failure - Refunded,2,2026-04-28 12:56:18.035
cmoilcgeq389cqo0f7wk908dj,BANNED-Attacker,USAGE,PATTERN_GENERATION - Sapphire Neural Core v4,-2,2026-04-28 12:56:18.606
cmoilcgeq389cqo0f7wk908dj,BANNED-Attacker,REFUND,Engine Sync Failure - Refunded,2,2026-04-28 12:56:18.809
cmoilcgeq389cqo0f7wk908dj,BANNED-Attacker,USAGE,PATTERN_GENERATION - Sapphire Neural Core v4,-2,2026-04-28 12:56:19.4
cmoilcgeq389cqo0f7wk908dj,BANNED-Attacker,REFUND,Engine Sync Failure - Refunded,2,2026-04-28 12:56:19.705
cmoilcgeq389cqo0f7wk908dj,BANNED-Attacker,USAGE,PATTERN_GENERATION - Sapphire Neural Core v4,-2,2026-04-28 12:56:20.338
cmoilcgeq389cqo0f7wk908dj,BANNED-Attacker,REFUND,Engine Sync Failure - Refunded,2,2026-04-28 12:56:20.532
cmoilcgeq389cqo0f7wk908dj,BANNED-Attacker,USAGE,PATTERN_GENERATION - Sapphire Neural Core v4,-2,2026-04-28 13:00:59.218
cmoilcgeq389cqo0f7wk908dj,BANNED-Attacker,REFUND,Engine Sync Failure - Refunded,2,2026-04-28 13:01:01.047
cmoilcgeq389cqo0f7wk908dj,BANNED-Attacker,USAGE,PATTERN_GENERATION - Sapphire Neural Core v4,-2,2026-04-28 13:01:12.784
cmoilcgeq389cqo0f7wk908dj,BANNED-Attacker,REFUND,Engine Sync Failure - Refunded,2,2026-04-28 13:01:13.526
cmoilcgeq389cqo0f7wk908dj,BANNED-Attacker,USAGE,PATTERN_GENERATION - Sapphire Neural Core v4,-2,2026-04-28 13:01:24.26
cmoilcgeq389cqo0f7wk908dj,BANNED-Attacker,REFUND,Engine Sync Failure - Refunded,2,2026-04-28 13:01:24.466
cmoilcgeq389cqo0f7wk908dj,BANNED-Attacker,USAGE,PATTERN_GENERATION - Sapphire Neural Core v4,-2,2026-04-28 13:01:37.196
cmoilcgeq389cqo0f7wk908dj,BANNED-Attacker,REFUND,Engine Sync Failure - Refunded,2,2026-04-28 13:01:37.897
cmoilcgeq389cqo0f7wk908dj,BANNED-Attacker,USAGE,PATTERN_GENERATION - Sapphire Neural Core v4,-2,2026-04-28 13:02:04.804
cmoilcgeq389cqo0f7wk908dj,BANNED-Attacker,USAGE,PATTERN_GENERATION - Sapphire Neural Core v4,-2,2026-04-28 13:02:45.47
cmoilcgeq389cqo0f7wk908dj,BANNED-Attacker,USAGE,PATTERN_GENERATION - Sapphire Neural Core v4,-2,2026-04-28 13:03:09.314
cmoilcgeq389cqo0f7wk908dj,BANNED-Attacker,REFUND,Engine Sync Failure - Refunded,2,2026-04-28 13:03:10.018
cmoilcgeq389cqo0f7wk908dj,BANNED-Attacker,USAGE,PATTERN_GENERATION - Sapphire Neural Core v4,-2,2026-04-28 13:03:10.585
cmoilcgeq389cqo0f7wk908dj,BANNED-Attacker,REFUND,Engine Sync Failure - Refunded,2,2026-04-28 13:03:10.788
cmoilcgeq389cqo0f7wk908dj,BANNED-Attacker,USAGE,PATTERN_GENERATION - Sapphire Neural Core v4,-2,2026-04-28 13:04:00.019
cmoilcgeq389cqo0f7wk908dj,BANNED-Attacker,REFUND,Engine Sync Failure - Refunded,2,2026-04-28 13:04:00.771
cmoilcgeq389cqo0f7wk908dj,BANNED-Attacker,USAGE,PATTERN_GENERATION - Sapphire Neural Core v4,-2,2026-04-28 13:04:45.628
cmoilcgeq389cqo0f7wk908dj,BANNED-Attacker,REFUND,Engine Sync Failure - Refunded,2,2026-04-28 13:04:46.352
cmoilcgeq389cqo0f7wk908dj,BANNED-Attacker,USAGE,PATTERN_GENERATION - Sapphire Neural Core v4,-2,2026-04-28 13:05:11.8
cmoilcgeq389cqo0f7wk908dj,BANNED-Attacker,REFUND,Engine Sync Failure - Refunded,2,2026-04-28 13:05:12.54
cmoilcgeq389cqo0f7wk908dj,BANNED-Attacker,USAGE,PATTERN_GENERATION - Sapphire Neural Core v4,-2,2026-04-28 13:05:29.974
cmoilcgeq389cqo0f7wk908dj,BANNED-Attacker,REFUND,Engine Sync Failure - Refunded,2,2026-04-28 13:05:30.681
cmoilcgeq389cqo0f7wk908dj,BANNED-Attacker,USAGE,PATTERN_GENERATION - Sapphire Neural Core v4,-2,2026-04-28 13:05:32.539
cmoilcgeq389cqo0f7wk908dj,BANNED-Attacker,USAGE,PATTERN_GENERATION - Sapphire Neural Core v4,-2,2026-04-28 13:07:00.789
cmoilcgeq389cqo0f7wk908dj,BANNED-Attacker,REFUND,Engine Sync Failure - Refunded,2,2026-04-28 13:07:00.968
cmoilcgeq389cqo0f7wk908dj,BANNED-Attacker,USAGE,PATTERN_GENERATION - Sapphire Neural Core v4,-2,2026-04-28 13:07:23.159
cmoilcgeq389cqo0f7wk908dj,BANNED-Attacker,REFUND,Engine Sync Failure - Refunded,2,2026-04-28 13:07:23.857
cmoilcgeq389cqo0f7wk908dj,BANNED-Attacker,USAGE,PATTERN_GENERATION - Sapphire Neural Core v4,-2,2026-04-28 13:07:38.079
cmoilcgeq389cqo0f7wk908dj,BANNED-Attacker,USAGE,PATTERN_GENERATION - Sapphire Neural Core v4,-2,2026-04-28 13:09:38.243
cmoilcgeq389cqo0f7wk908dj,BANNED-Attacker,REFUND,Engine Sync Failure - Refunded,2,2026-04-28 13:09:53.737
cmoilcgeq389cqo0f7wk908dj,BANNED-Attacker,REFUND,Engine Sync Failure - Refunded,2,2026-04-28 13:11:54.965
cmoilcgeq389cqo0f7wk908dj,BANNED-Attacker,USAGE,PATTERN_GENERATION - Sapphire Neural Core v4,-2,2026-04-28 13:13:33.655
cmoilcgeq389cqo0f7wk908dj,BANNED-Attacker,REFUND,Engine Sync Failure - Refunded,2,2026-04-28 13:13:33.879
cmoilcgeq389cqo0f7wk908dj,BANNED-Attacker,USAGE,PATTERN_GENERATION - Sapphire Neural Core v4,-2,2026-04-28 13:14:16.343
cmoilcgeq389cqo0f7wk908dj,BANNED-Attacker,USAGE,PATTERN_GENERATION - Sapphire Neural Core v4,-2,2026-04-28 13:20:27.276
cmoilcgeq389cqo0f7wk908dj,BANNED-Attacker,REFUND,Engine Sync Failure - Refunded,2,2026-04-28 13:20:27.994
cmoilcgeq389cqo0f7wk908dj,BANNED-Attacker,USAGE,PATTERN_GENERATION - Sapphire Neural Core v4,-2,2026-04-28 13:22:57.188
cmoilcgeq389cqo0f7wk908dj,BANNED-Attacker,REFUND,Engine Sync Failure - Refunded,2,2026-04-28 13:22:57.943
cmoilcgeq389cqo0f7wk908dj,BANNED-Attacker,USAGE,PATTERN_GENERATION - Sapphire Neural Core v4,-2,2026-04-28 13:22:58.532
cmoilcgeq389cqo0f7wk908dj,BANNED-Attacker,USAGE,PATTERN_GENERATION - Sapphire Neural Core v4,-2,2026-04-28 13:29:06.834
cmoilcgeq389cqo0f7wk908dj,BANNED-Attacker,USAGE,PATTERN_GENERATION - Sapphire Neural Core v4,-2,2026-04-28 13:29:35.356
cmoilcgeq389cqo0f7wk908dj,BANNED-Attacker,REFUND,Engine Sync Failure - Refunded,2,2026-04-28 13:29:35.552
cmoilcgeq389cqo0f7wk908dj,BANNED-Attacker,USAGE,PATTERN_GENERATION - Sapphire Neural Core v4,-2,2026-04-28 13:29:58.08
cmoilcgeq389cqo0f7wk908dj,BANNED-Attacker,REFUND,Engine Sync Failure - Refunded,2,2026-04-28 13:29:58.778
cmoilcgeq389cqo0f7wk908dj,BANNED-Attacker,USAGE,PATTERN_GENERATION - Sapphire Neural Core v4,-2,2026-04-28 13:31:00.474
cmoilcgeq389cqo0f7wk908dj,BANNED-Attacker,USAGE,PATTERN_GENERATION - Sapphire Neural Core v4,-2,2026-04-28 13:31:33.924
cmoilcgeq389cqo0f7wk908dj,BANNED-Attacker,USAGE,Export: TIFF,-1,2026-04-28 13:32:34.934
cmoilcgeq389cqo0f7wk908dj,BANNED-Attacker,USAGE,Export: TIFF,-1,2026-04-28 13:34:26
cmoilcgeq389cqo0f7wk908dj,BANNED-Attacker,USAGE,Export: TIFF,-1,2026-04-28 13:34:40.108
cmoilcgeq389cqo0f7wk908dj,BANNED-Attacker,USAGE,Export: TIFF,-1,2026-04-28 13:35:11.15
cmoilcgeq389cqo0f7wk908dj,BANNED-Attacker,USAGE,PATTERN_GENERATION - Sapphire Neural Core v4,-2,2026-04-28 13:35:13.304
cmoilcgeq389cqo0f7wk908dj,BANNED-Attacker,REFUND,Engine Sync Failure - Refunded,2,2026-04-28 13:37:28.755
cmoilcgeq389cqo0f7wk908dj,BANNED-Attacker,USAGE,Export: TIFF,-1,2026-04-28 13:38:15.465
cmoilcgeq389cqo0f7wk908dj,BANNED-Attacker,USAGE,Export: TIFF,-1,2026-04-28 13:39:07.174
cmoilcgeq389cqo0f7wk908dj,BANNED-Attacker,USAGE,Export: TIFF,-1,2026-04-28 13:39:07.826
cmoilcgeq389cqo0f7wk908dj,BANNED-Attacker,USAGE,PATTERN_GENERATION - Sapphire Neural Core v4,-2,2026-04-28 13:39:40.428
cmoilcgeq389cqo0f7wk908dj,BANNED-Attacker,USAGE,PATTERN_GENERATION - Sapphire Neural Core v4,-2,2026-04-28 13:41:38.306
cmoilcgeq389cqo0f7wk908dj,BANNED-Attacker,USAGE,PATTERN_GENERATION - Sapphire Neural Core v4,-2,2026-04-28 13:42:09.035
cmoilcgeq389cqo0f7wk908dj,BANNED-Attacker,USAGE,PATTERN_GENERATION - Sapphire Neural Core v4,-2,2026-04-28 13:42:15.946
cmoilcgeq389cqo0f7wk908dj,BANNED-Attacker,REFUND,Engine Sync Failure - Refunded,2,2026-04-28 13:42:16.157
cmoilcgeq389cqo0f7wk908dj,BANNED-Attacker,USAGE,PATTERN_GENERATION - Sapphire Neural Core v4,-2,2026-04-28 13:42:16.687
cmoilcgeq389cqo0f7wk908dj,BANNED-Attacker,REFUND,Engine Sync Failure - Refunded,2,2026-04-28 13:42:16.899
cmoilcgeq389cqo0f7wk908dj,BANNED-Attacker,USAGE,PATTERN_GENERATION - Sapphire Neural Core v4,-2,2026-04-28 13:42:17.507
cmoilcgeq389cqo0f7wk908dj,BANNED-Attacker,REFUND,Engine Sync Failure - Refunded,2,2026-04-28 13:42:17.689
cmoilcgeq389cqo0f7wk908dj,BANNED-Attacker,USAGE,PATTERN_GENERATION - Sapphire Neural Core v4,-2,2026-04-28 13:42:18.233
cmoilcgeq389cqo0f7wk908dj,BANNED-Attacker,REFUND,Engine Sync Failure - Refunded,2,2026-04-28 13:42:18.416
cmoilcgeq389cqo0f7wk908dj,BANNED-Attacker,USAGE,PATTERN_GENERATION - Sapphire Neural Core v4,-2,2026-04-28 13:42:18.953
cmoilcgeq389cqo0f7wk908dj,BANNED-Attacker,REFUND,Engine Sync Failure - Refunded,2,2026-04-28 13:42:19.755
cmoilcgeq389cqo0f7wk908dj,BANNED-Attacker,USAGE,PATTERN_GENERATION - Sapphire Neural Core v4,-2,2026-04-28 13:42:51.77
cmoilcgeq389cqo0f7wk908dj,BANNED-Attacker,USAGE,PATTERN_GENERATION - Sapphire Neural Core v4,-2,2026-04-28 13:43:15.893
cmoilcgeq389cqo0f7wk908dj,BANNED-Attacker,USAGE,PATTERN_GENERATION - Sapphire Neural Core v4,-2,2026-04-28 13:47:01.484
cmoilcgeq389cqo0f7wk908dj,BANNED-Attacker,REFUND,Engine Sync Failure - Refunded,2,2026-04-28 13:48:35.809
cmoilcgeq389cqo0f7wk908dj,BANNED-Attacker,USAGE,PATTERN_GENERATION - Sapphire Neural Core v4,-2,2026-04-28 13:48:53.469
cmoilcgeq389cqo0f7wk908dj,BANNED-Attacker,REFUND,Engine Sync Failure - Refunded,2,2026-04-28 13:48:54.212
cmoilcgeq389cqo0f7wk908dj,BANNED-Attacker,USAGE,PATTERN_GENERATION - Sapphire Neural Core v4,-2,2026-04-28 13:48:54.813
cmoilcgeq389cqo0f7wk908dj,BANNED-Attacker,USAGE,PATTERN_GENERATION - Sapphire Neural Core v4,-2,2026-04-28 13:49:14.218
cmoilcgeq389cqo0f7wk908dj,BANNED-Attacker,USAGE,Export: TIFF,-1,2026-04-28 13:51:17.056
cmoilcgeq389cqo0f7wk908dj,BANNED-Attacker,USAGE,Export: TIFF,-1,2026-04-28 13:52:00.041
cmoilcgeq389cqo0f7wk908dj,BANNED-Attacker,USAGE,Export: TIFF,-1,2026-04-28 13:52:00.706
cmoilcgeq389cqo0f7wk908dj,BANNED-Attacker,USAGE,PATTERN_GENERATION - Sapphire Neural Core v4,-2,2026-04-28 13:52:51.071
cmoilcgeq389cqo0f7wk908dj,BANNED-Attacker,USAGE,Export: TIFF,-1,2026-04-28 14:00:11.687
cmoilcgeq389cqo0f7wk908dj,BANNED-Attacker,USAGE,Export: TIFF,-1,2026-04-28 14:00:41.756
cmoilcgeq389cqo0f7wk908dj,BANNED-Attacker,USAGE,Export: TIFF,-1,2026-04-28 14:00:42.416
cmoilcgeq389cqo0f7wk908dj,BANNED-Attacker,USAGE,PATTERN_GENERATION - Sapphire Neural Core v4,-2,2026-04-28 14:01:39.667
cmoilcgeq389cqo0f7wk908dj,BANNED-Attacker,REFUND,Engine Sync Failure - Refunded,2,2026-04-28 14:01:41.566
cmoilcgeq389cqo0f7wk908dj,BANNED-Attacker,USAGE,Export: TIFF,-1,2026-04-28 14:04:08.765
cmoilcgeq389cqo0f7wk908dj,BANNED-Attacker,USAGE,Export: TIFF,-1,2026-04-28 14:04:09.423
cmoilcgeq389cqo0f7wk908dj,BANNED-Attacker,USAGE,Export: TIFF,-1,2026-04-28 14:04:10.158
cmoilcgeq389cqo0f7wk908dj,BANNED-Attacker,USAGE,Export: TIFF,-1,2026-04-28 14:04:10.801
cmoilcgeq389cqo0f7wk908dj,BANNED-Attacker,USAGE,Export: TIFF,-1,2026-04-28 14:04:11.449
cmoilcgeq389cqo0f7wk908dj,BANNED-Attacker,USAGE,Export: TIFF,-1,2026-04-28 14:04:12.11
cmoilcgeq389cqo0f7wk908dj,BANNED-Attacker,USAGE,Export: TIFF,-1,2026-04-28 14:04:12.714
cmoilcgeq389cqo0f7wk908dj,BANNED-Attacker,USAGE,PATTERN_GENERATION - Sapphire Neural Core v4,-2,2026-04-28 14:06:05.36
cmoilcgeq389cqo0f7wk908dj,BANNED-Attacker,REFUND,Engine Sync Failure - Refunded,2,2026-04-28 14:06:59.854
cmoilcgeq389cqo0f7wk908dj,BANNED-Attacker,USAGE,PATTERN_GENERATION - Sapphire Neural Core v4,-2,2026-04-28 14:07:51.48
cmoilcgeq389cqo0f7wk908dj,BANNED-Attacker,REFUND,Engine Sync Failure - Refunded,2,2026-04-28 14:07:53.308
cmoilcgeq389cqo0f7wk908dj,BANNED-Attacker,USAGE,Export: TIFF,-1,2026-04-28 14:10:13.539
cmoilcgeq389cqo0f7wk908dj,BANNED-Attacker,USAGE,Export: TIFF,-1,2026-04-28 14:10:14.186
cmoilcgeq389cqo0f7wk908dj,BANNED-Attacker,USAGE,Export: TIFF,-1,2026-04-28 14:10:58.568
cmoilcgeq389cqo0f7wk908dj,BANNED-Attacker,USAGE,Export: TIFF,-1,2026-04-28 14:11:36.42
cmoilcgeq389cqo0f7wk908dj,BANNED-Attacker,USAGE,Export: TIFF,-1,2026-04-28 14:12:07.902
cmoilcgeq389cqo0f7wk908dj,BANNED-Attacker,USAGE,PATTERN_GENERATION - Sapphire Neural Core v4,-2,2026-04-28 14:13:11.821
cmoilcgeq389cqo0f7wk908dj,BANNED-Attacker,USAGE,"Export: TIFF, PDF",-2,2026-04-28 14:14:37.161
cmoilcgeq389cqo0f7wk908dj,BANNED-Attacker,USAGE,Export: TIFF,-1,2026-04-28 14:15:35.849
cmoilcgeq389cqo0f7wk908dj,BANNED-Attacker,USAGE,Export: TIFF,-1,2026-04-28 14:15:37.106
cmoilcgeq389cqo0f7wk908dj,BANNED-Attacker,USAGE,Export: TIFF,-1,2026-04-28 14:17:28.631
cmoilcgeq389cqo0f7wk908dj,BANNED-Attacker,USAGE,Export: TIFF,-1,2026-04-28 14:18:27.231
cmoilcgeq389cqo0f7wk908dj,BANNED-Attacker,USAGE,Export: TIFF,-1,2026-04-28 14:19:38.464
cmoilcgeq389cqo0f7wk908dj,BANNED-Attacker,USAGE,Export: TIFF,-1,2026-04-28 14:20:09.559
cmoilcgeq389cqo0f7wk908dj,BANNED-Attacker,USAGE,Export: TIFF,-1,2026-04-28 14:20:37.137
cmoilcgeq389cqo0f7wk908dj,BANNED-Attacker,USAGE,Export: TIFF,-1,2026-04-28 14:20:37.767
cmoilcgeq389cqo0f7wk908dj,BANNED-Attacker,USAGE,Export: TIFF,-1,2026-04-28 14:21:29.213
cmoilcgeq389cqo0f7wk908dj,BANNED-Attacker,USAGE,Export: PDF,-1,2026-04-28 14:23:38.406
cmoilcgeq389cqo0f7wk908dj,BANNED-Attacker,USAGE,Export: TIFF,-1,2026-04-28 14:27:28.144
cmoilcgeq389cqo0f7wk908dj,BANNED-Attacker,USAGE,Export: TIFF,-1,2026-04-28 14:28:09.893
cmoilcgeq389cqo0f7wk908dj,BANNED-Attacker,USAGE,Export: TIFF,-1,2026-04-28 14:28:27.35
cmoilcgeq389cqo0f7wk908dj,BANNED-Attacker,USAGE,Export: TIFF,-1,2026-04-28 14:28:27.827
cmoilcgeq389cqo0f7wk908dj,BANNED-Attacker,USAGE,Export: TIFF,-1,2026-04-28 14:28:28.326
cmoilcgeq389cqo0f7wk908dj,BANNED-Attacker,USAGE,PATTERN_GENERATION - Sapphire Neural Core v4,-2,2026-04-28 14:29:02.894
cmoilcgeq389cqo0f7wk908dj,BANNED-Attacker,USAGE,PATTERN_GENERATION - Sapphire Neural Core v4,-2,2026-04-28 14:29:09.036
cmoilcgeq389cqo0f7wk908dj,BANNED-Attacker,USAGE,Export: TIFF,-1,2026-04-28 14:29:09.981
cmoilcgeq389cqo0f7wk908dj,BANNED-Attacker,USAGE,PATTERN_GENERATION - Sapphire Neural Core v4,-2,2026-04-28 14:29:37.773
cmoilcgeq389cqo0f7wk908dj,BANNED-Attacker,USAGE,PATTERN_GENERATION - Sapphire Neural Core v4,-2,2026-04-28 14:29:43.734
cmoilcgeq389cqo0f7wk908dj,BANNED-Attacker,USAGE,PATTERN_GENERATION - Sapphire Neural Core v4,-2,2026-04-28 14:30:23.237
cmoilcgeq389cqo0f7wk908dj,BANNED-Attacker,USAGE,PATTERN_GENERATION - Sapphire Neural Core v4,-2,2026-04-28 14:30:54.5
cmoilcgeq389cqo0f7wk908dj,BANNED-Attacker,USAGE,PATTERN_GENERATION - Sapphire Neural Core v4,-2,2026-04-28 14:30:58.832
cmoilcgeq389cqo0f7wk908dj,BANNED-Attacker,USAGE,PATTERN_GENERATION - Sapphire Neural Core v4,-2,2026-04-28 14:31:54.273
cmoilcgeq389cqo0f7wk908dj,BANNED-Attacker,USAGE,PATTERN_GENERATION - Sapphire Neural Core v4,-2,2026-04-28 14:36:35.309
cmoilcgeq389cqo0f7wk908dj,BANNED-Attacker,REFUND,Engine Sync Failure - Refunded,2,2026-04-28 14:36:36.058
cmoilcgeq389cqo0f7wk908dj,BANNED-Attacker,USAGE,PATTERN_GENERATION - Sapphire Neural Core v4,-2,2026-04-28 14:36:58.763
cmoilcgeq389cqo0f7wk908dj,BANNED-Attacker,USAGE,Export: TIFF,-1,2026-04-28 14:37:33.93
cmoilcgeq389cqo0f7wk908dj,BANNED-Attacker,USAGE,PATTERN_GENERATION - Sapphire Neural Core v4,-2,2026-04-28 14:37:34.83
cmoilcgeq389cqo0f7wk908dj,BANNED-Attacker,USAGE,PATTERN_GENERATION - Sapphire Neural Core v4,-2,2026-04-28 14:38:48.288
cmoilcgeq389cqo0f7wk908dj,BANNED-Attacker,USAGE,Export: TIFF,-1,2026-04-28 14:40:38.907
cmoilcgeq389cqo0f7wk908dj,BANNED-Attacker,USAGE,PATTERN_GENERATION - Sapphire Neural Core v4,-2,2026-04-28 14:40:39.625
cmoilcgeq389cqo0f7wk908dj,BANNED-Attacker,USAGE,PATTERN_GENERATION - Sapphire Neural Core v4,-2,2026-04-28 14:43:22.777
cmoilcgeq389cqo0f7wk908dj,BANNED-Attacker,USAGE,PATTERN_GENERATION - Sapphire Neural Core v4,-2,2026-04-28 14:43:28.812
cmoilcgeq389cqo0f7wk908dj,BANNED-Attacker,USAGE,PATTERN_GENERATION - Sapphire Neural Core v4,-2,2026-04-28 14:44:06.574
cmoilcgeq389cqo0f7wk908dj,BANNED-Attacker,USAGE,PATTERN_GENERATION - Sapphire Neural Core v4,-2,2026-04-28 14:44:40.7
cmoilcgeq389cqo0f7wk908dj,BANNED-Attacker,USAGE,Export: TIFF,-1,2026-04-28 14:44:46
cmoilcgeq389cqo0f7wk908dj,BANNED-Attacker,USAGE,Export: PDF,-1,2026-04-28 14:45:25.364
cmoilcgeq389cqo0f7wk908dj,BANNED-Attacker,USAGE,Export: TIFF,-1,2026-04-28 14:47:51.616
cmoilcgeq389cqo0f7wk908dj,BANNED-Attacker,USAGE,Export Full Pack (3 formats),-4,2026-04-28 14:48:43.438
cmoilcgeq389cqo0f7wk908dj,BANNED-Attacker,USAGE,PATTERN_GENERATION - Sapphire Neural Core v4,-2,2026-04-28 14:49:15.635
cmoilcgeq389cqo0f7wk908dj,BANNED-Attacker,USAGE,Export: TIFF,-1,2026-04-28 14:49:47.65
cmoilcgeq389cqo0f7wk908dj,BANNED-Attacker,USAGE,UPSCALE_8K - Sapphire Refine Core,-1,2026-04-28 14:49:48.193
cmoilcgeq389cqo0f7wk908dj,BANNED-Attacker,USAGE,UPSCALE_8K - Sapphire Refine Core,-1,2026-04-28 14:50:57.964
cmoilcgeq389cqo0f7wk908dj,BANNED-Attacker,USAGE,PATTERN_GENERATION - Sapphire Neural Core v4,-2,2026-04-28 14:51:03.473
cmoilcgeq389cqo0f7wk908dj,BANNED-Attacker,USAGE,PATTERN_GENERATION - Sapphire Neural Core v4,-2,2026-04-28 14:52:42.742
cmoilcgeq389cqo0f7wk908dj,BANNED-Attacker,USAGE,PATTERN_GENERATION - Sapphire Neural Core v4,-2,2026-04-28 14:52:49.185
cmoilcgeq389cqo0f7wk908dj,BANNED-Attacker,USAGE,PATTERN_GENERATION - Sapphire Neural Core v4,-2,2026-04-28 14:53:13.977
cmoilcgeq389cqo0f7wk908dj,BANNED-Attacker,USAGE,PATTERN_GENERATION - Sapphire Neural Core v4,-2,2026-04-28 14:53:45.354
cmoilcgeq389cqo0f7wk908dj,BANNED-Attacker,USAGE,PATTERN_GENERATION - Sapphire Neural Core v4,-2,2026-04-28 14:54:11.71
cmoilcgeq389cqo0f7wk908dj,BANNED-Attacker,USAGE,PATTERN_GENERATION - Sapphire Neural Core v4,-2,2026-04-28 14:54:16.899
cmoilcgeq389cqo0f7wk908dj,BANNED-Attacker,USAGE,PATTERN_GENERATION - Sapphire Neural Core v4,-2,2026-04-28 14:54:48.772
cmoilcgeq389cqo0f7wk908dj,BANNED-Attacker,USAGE,PATTERN_GENERATION - Sapphire Neural Core v4,-2,2026-04-28 14:54:54.545
cmoilcgeq389cqo0f7wk908dj,BANNED-Attacker,USAGE,Export: TIFF,-1,2026-04-28 14:55:38.232
cmoilcgeq389cqo0f7wk908dj,BANNED-Attacker,USAGE,UPSCALE_8K - Sapphire Refine Core,-1,2026-04-28 14:55:38.863
cmoilcgeq389cqo0f7wk908dj,BANNED-Attacker,USAGE,PATTERN_GENERATION - Sapphire Neural Core v4,-2,2026-04-28 14:56:23.568
cmoilcgeq389cqo0f7wk908dj,BANNED-Attacker,USAGE,PATTERN_GENERATION - Sapphire Neural Core v4,-2,2026-04-28 14:56:30.534
cmoilcgeq389cqo0f7wk908dj,BANNED-Attacker,USAGE,PATTERN_GENERATION - Sapphire Neural Core v4,-2,2026-04-28 14:56:31.373
cmoilcgeq389cqo0f7wk908dj,BANNED-Attacker,USAGE,PATTERN_GENERATION - Sapphire Neural Core v4,-2,2026-04-28 14:56:32.126
cmoilcgeq389cqo0f7wk908dj,BANNED-Attacker,USAGE,PATTERN_GENERATION - Sapphire Neural Core v4,-2,2026-04-28 14:56:32.827
cmoilcgeq389cqo0f7wk908dj,BANNED-Attacker,USAGE,PATTERN_GENERATION - Sapphire Neural Core v4,-2,2026-04-28 14:56:33.368
cmoilcgeq389cqo0f7wk908dj,BANNED-Attacker,USAGE,PATTERN_GENERATION - Sapphire Neural Core v4,-2,2026-04-28 14:56:33.954
cmoilcgeq389cqo0f7wk908dj,BANNED-Attacker,USAGE,PATTERN_GENERATION - Sapphire Neural Core v4,-2,2026-04-28 14:57:47.994
cmoilcgeq389cqo0f7wk908dj,BANNED-Attacker,USAGE,PATTERN_GENERATION - Sapphire Neural Core v4,-2,2026-04-28 14:57:53.282
cmoilcgeq389cqo0f7wk908dj,BANNED-Attacker,USAGE,PATTERN_GENERATION - Sapphire Neural Core v4,-2,2026-04-28 14:58:16.729
cmoilcgeq389cqo0f7wk908dj,BANNED-Attacker,USAGE,PATTERN_GENERATION - Sapphire Neural Core v4,-2,2026-04-28 14:59:01.443
cmoilcgeq389cqo0f7wk908dj,BANNED-Attacker,USAGE,PATTERN_GENERATION - Sapphire Neural Core v4,-2,2026-04-28 14:59:14.858
cmoilcgeq389cqo0f7wk908dj,BANNED-Attacker,USAGE,PATTERN_GENERATION - Sapphire Neural Core v4,-2,2026-04-28 14:59:47.901
cmoilcgeq389cqo0f7wk908dj,BANNED-Attacker,REFUND,Engine Sync Failure - Refunded,2,2026-04-28 14:59:49.695
cmoilcgeq389cqo0f7wk908dj,BANNED-Attacker,USAGE,Export: TIFF,-1,2026-04-28 14:59:50.317
cmoilcgeq389cqo0f7wk908dj,BANNED-Attacker,USAGE,Export Full Pack (3 formats),-4,2026-04-28 15:00:22.368
cmoilcgeq389cqo0f7wk908dj,BANNED-Attacker,USAGE,PATTERN_GENERATION - Sapphire Neural Core v4,-2,2026-04-28 15:00:53.145
cmoilcgeq389cqo0f7wk908dj,BANNED-Attacker,USAGE,PATTERN_GENERATION - Sapphire Neural Core v4,-2,2026-04-28 15:01:30.149
cmoilcgeq389cqo0f7wk908dj,BANNED-Attacker,USAGE,Export: TIFF,-1,2026-04-28 15:03:10.71
cmoilcgeq389cqo0f7wk908dj,BANNED-Attacker,USAGE,PATTERN_GENERATION - Sapphire Neural Core v4,-2,2026-04-28 15:04:00.052
cmoilcgeq389cqo0f7wk908dj,BANNED-Attacker,USAGE,Export: PSD,-3,2026-04-28 15:04:04.543
cmoilcgeq389cqo0f7wk908dj,BANNED-Attacker,USAGE,PATTERN_GENERATION - Sapphire Neural Core v4,-2,2026-04-28 15:04:41.444
cmoilcgeq389cqo0f7wk908dj,BANNED-Attacker,USAGE,Export: TIFF,-1,2026-04-28 15:04:46.938
cmoilcgeq389cqo0f7wk908dj,BANNED-Attacker,USAGE,UPSCALE_8K - Sapphire Refine Core,-1,2026-04-28 15:07:51.232
cmoilcgeq389cqo0f7wk908dj,BANNED-Attacker,USAGE,UPSCALE_8K - Sapphire Refine Core,-1,2026-04-28 15:07:52.29
cmoilcgeq389cqo0f7wk908dj,BANNED-Attacker,USAGE,UPSCALE_8K - Sapphire Refine Core,-1,2026-04-28 15:07:53.423
cmoilcgeq389cqo0f7wk908dj,BANNED-Attacker,USAGE,Export: TIFF,-1,2026-04-28 15:08:57.452
cmoilcgeq389cqo0f7wk908dj,BANNED-Attacker,USAGE,Export: TIFF,-1,2026-04-28 15:09:22.231
cmoj21o5038omqo0fgdgjpgri,BANNED-PenTest User,BONUS,Hoşgeldin bonusu (tek seferlik),10,2026-04-28 20:04:40.707
cmoj21o5038omqo0fgdgjpgri,BANNED-PenTest User,USAGE,Export: TIFF,-1,2026-04-28 20:06:20.838
cmoj21o5038omqo0fgdgjpgri,BANNED-PenTest User,USAGE,Export: TIFF,-1,2026-04-28 20:06:50.285
cmoj21o5038omqo0fgdgjpgri,BANNED-PenTest User,USAGE,Export: TIFF,-1,2026-04-28 20:07:04.259
cmoj21o5038omqo0fgdgjpgri,BANNED-PenTest User,USAGE,Export: TIFF,-1,2026-04-28 20:08:15.535
cmoj21o5038omqo0fgdgjpgri,BANNED-PenTest User,USAGE,Export: TIFF,-1,2026-04-28 20:08:16.206
cmoj21o5038omqo0fgdgjpgri,BANNED-PenTest User,USAGE,Export: TIFF,-1,2026-04-28 20:08:16.846
cmoj21o5038omqo0fgdgjpgri,BANNED-PenTest User,USAGE,Export: TIFF,-1,2026-04-28 20:08:54.453
cmoj21o5038omqo0fgdgjpgri,BANNED-PenTest User,USAGE,Export: TIFF,-1,2026-04-28 20:08:55.138
cmoj21o5038omqo0fgdgjpgri,BANNED-PenTest User,USAGE,Desen üretimi,500,2026-04-28 20:09:27.808
cmoj21o5038omqo0fgdgjpgri,BANNED-PenTest User,USAGE,Export: PDF,-1,2026-04-28 20:09:48.492
cmoj21o5038omqo0fgdgjpgri,BANNED-PenTest User,USAGE,Export: TIFF,-1,2026-04-28 20:11:42.936
cmoj21o5038omqo0fgdgjpgri,BANNED-PenTest User,USAGE,Export: TIFF,-1,2026-04-28 20:13:20.216
cmoj21o5038omqo0fgdgjpgri,BANNED-PenTest User,USAGE,PATTERN_GENERATION - Sapphire Neural Core v4,-2,2026-04-28 20:14:50.245
cmoj21o5038omqo0fgdgjpgri,BANNED-PenTest User,USAGE,Export: TIFF,-1,2026-04-28 20:15:23.661
cmoj21o5038omqo0fgdgjpgri,BANNED-PenTest User,USAGE,Export: TIFF,-1,2026-04-28 20:16:45.366
cmoj21o5038omqo0fgdgjpgri,BANNED-PenTest User,USAGE,Export Full Pack (3 formats),-4,2026-04-28 20:17:09.956
cmoj21o5038omqo0fgdgjpgri,BANNED-PenTest User,USAGE,Export: TIFF,-1,2026-04-28 20:18:25.302
cmoj21o5038omqo0fgdgjpgri,BANNED-PenTest User,USAGE,Export: TIFF,-1,2026-04-28 20:18:26.152
cmoj21o5038omqo0fgdgjpgri,BANNED-PenTest User,USAGE,Export: TIFF,-1,2026-04-28 20:18:42.106
cmoj21o5038omqo0fgdgjpgri,BANNED-PenTest User,USAGE,Export: TIFF,-1,2026-04-28 20:18:42.811
cmoj21o5038omqo0fgdgjpgri,BANNED-PenTest User,USAGE,Export: TIFF,-1,2026-04-28 20:19:16.178
cmoj21o5038omqo0fgdgjpgri,BANNED-PenTest User,USAGE,Export: TIFF,-1,2026-04-28 20:20:00.516
cmoj21o5038omqo0fgdgjpgri,BANNED-PenTest User,USAGE,Export: TIFF,-1,2026-04-28 20:21:02.616
cmoj21o5038omqo0fgdgjpgri,BANNED-PenTest User,USAGE,Export: TIFF,-1,2026-04-28 20:21:34.532
cmoj21o5038omqo0fgdgjpgri,BANNED-PenTest User,USAGE,Export: TIFF,-1,2026-04-28 20:21:35.442
cmoj21o5038omqo0fgdgjpgri,BANNED-PenTest User,USAGE,Export: TIFF,-1,2026-04-28 20:23:26.592
cmoj21o5038omqo0fgdgjpgri,BANNED-PenTest User,USAGE,Export: TIFF,-1,2026-04-28 20:23:27.242
cmoj21o5038omqo0fgdgjpgri,BANNED-PenTest User,USAGE,Export: TIFF,-1,2026-04-28 20:23:27.879
cmoj21o5038omqo0fgdgjpgri,BANNED-PenTest User,USAGE,Export: TIFF,-1,2026-04-28 20:23:28.494
cmoj21o5038omqo0fgdgjpgri,BANNED-PenTest User,USAGE,Export: TIFF,-1,2026-04-28 20:23:29.114
cmoj21o5038omqo0fgdgjpgri,BANNED-PenTest User,USAGE,Export: TIFF,-1,2026-04-28 20:23:29.799
cmoj21o5038omqo0fgdgjpgri,BANNED-PenTest User,USAGE,Export: TIFF,-1,2026-04-28 20:23:30.47
cmoj21o5038omqo0fgdgjpgri,BANNED-PenTest User,USAGE,Export: TIFF,-1,2026-04-28 20:24:01.978
cmoj21o5038omqo0fgdgjpgri,BANNED-PenTest User,USAGE,Export: TIFF,-1,2026-04-28 20:25:24.824
cmoj21o5038omqo0fgdgjpgri,BANNED-PenTest User,USAGE,Export: TIFF,-1,2026-04-28 20:25:25.746
cmoj21o5038omqo0fgdgjpgri,BANNED-PenTest User,USAGE,Export: TIFF,-1,2026-04-28 20:26:16.194
cmoj21o5038omqo0fgdgjpgri,BANNED-PenTest User,USAGE,Export: TIFF,-1,2026-04-28 20:26:56.999
cmoj21o5038omqo0fgdgjpgri,BANNED-PenTest User,USAGE,Export: TIFF,-1,2026-04-28 20:26:57.986
cmoj21o5038omqo0fgdgjpgri,BANNED-PenTest User,USAGE,Export: TIFF,-1,2026-04-28 20:26:58.993
cmoj21o5038omqo0fgdgjpgri,BANNED-PenTest User,USAGE,Export: TIFF,-1,2026-04-28 20:27:00.012
cmoj21o5038omqo0fgdgjpgri,BANNED-PenTest User,USAGE,Export: TIFF,-1,2026-04-28 20:27:01.059
cmoj21o5038omqo0fgdgjpgri,BANNED-PenTest User,USAGE,Export: TIFF,-1,2026-04-28 20:27:02.071
cmoj21o5038omqo0fgdgjpgri,BANNED-PenTest User,USAGE,Export: TIFF,-1,2026-04-28 20:27:03.379
cmoj21o5038omqo0fgdgjpgri,BANNED-PenTest User,USAGE,Export: TIFF,-1,2026-04-28 20:27:04.323
cmoj21o5038omqo0fgdgjpgri,BANNED-PenTest User,USAGE,Export: TIFF,-1,2026-04-28 20:27:05.33
cmoj21o5038omqo0fgdgjpgri,BANNED-PenTest User,USAGE,Export: TIFF,-1,2026-04-28 20:27:06.387
cmoj21o5038omqo0fgdgjpgri,BANNED-PenTest User,USAGE,Export: TIFF,-1,2026-04-28 20:27:07.384
cmoj21o5038omqo0fgdgjpgri,BANNED-PenTest User,USAGE,Export: TIFF,-1,2026-04-28 20:27:55.066
cmoj21o5038omqo0fgdgjpgri,BANNED-PenTest User,USAGE,Export: TIFF,-1,2026-04-28 20:27:56.073
cmoj21o5038omqo0fgdgjpgri,BANNED-PenTest User,USAGE,Export: TIFF,-1,2026-04-28 20:27:57.002
cmoj21o5038omqo0fgdgjpgri,BANNED-PenTest User,USAGE,Export: TIFF,-1,2026-04-28 20:27:58.028
cmoj21o5038omqo0fgdgjpgri,BANNED-PenTest User,USAGE,Export: TIFF,-1,2026-04-28 20:28:37.855
cmoj21o5038omqo0fgdgjpgri,BANNED-PenTest User,USAGE,Export: TIFF,-1,2026-04-28 20:30:00.684
cmoj21o5038omqo0fgdgjpgri,BANNED-PenTest User,USAGE,Export: TIFF,-1,2026-04-28 20:30:01.825
cmoj21o5038omqo0fgdgjpgri,BANNED-PenTest User,USAGE,Export: TIFF,-1,2026-04-28 20:30:40.752
cmoj21o5038omqo0fgdgjpgri,BANNED-PenTest User,USAGE,Export: TIFF,-1,2026-04-28 20:31:13.599
cmoj21o5038omqo0fgdgjpgri,BANNED-PenTest User,USAGE,Export: TIFF,-1,2026-04-28 20:32:06.598
cmoj21o5038omqo0fgdgjpgri,BANNED-PenTest User,USAGE,Export: TIFF,-1,2026-04-28 20:32:07.594
cmoj21o5038omqo0fgdgjpgri,BANNED-PenTest User,USAGE,Export: PDF,-1,2026-04-28 20:33:12.042
cmoj21o5038omqo0fgdgjpgri,BANNED-PenTest User,USAGE,Export: TIFF,-1,2026-04-28 20:35:09.955
cmoj21o5038omqo0fgdgjpgri,BANNED-PenTest User,USAGE,Export Full Pack (3 formats),-4,2026-04-28 20:37:52.888
cmoj21o5038omqo0fgdgjpgri,BANNED-PenTest User,USAGE,PATTERN_GENERATION - Sapphire Neural Core v4,-2,2026-04-28 20:39:11.049
cmoj21o5038omqo0fgdgjpgri,BANNED-PenTest User,REFUND,Engine Sync Failure - Refunded,2,2026-04-28 20:39:11.143
cmoj21o5038omqo0fgdgjpgri,BANNED-PenTest User,USAGE,Export: TIFF,-1,2026-04-28 20:40:18.309
cmoj21o5038omqo0fgdgjpgri,BANNED-PenTest User,USAGE,Export: TIFF,-1,2026-04-28 20:40:55.657
cmoj21o5038omqo0fgdgjpgri,BANNED-PenTest User,USAGE,UPSCALE_8K - Sapphire Refine Core,-1,2026-04-28 20:41:36.403
cmoj21o5038omqo0fgdgjpgri,BANNED-PenTest User,USAGE,Export: TIFF,-1,2026-04-28 20:42:47.725
cmoj21o5038omqo0fgdgjpgri,BANNED-PenTest User,USAGE,Export: TIFF,-1,2026-04-28 20:43:23.426
cmoj21o5038omqo0fgdgjpgri,BANNED-PenTest User,USAGE,Export: TIFF,-1,2026-04-28 20:43:24.023
cmoj21o5038omqo0fgdgjpgri,BANNED-PenTest User,USAGE,Export: TIFF,-1,2026-04-28 20:43:24.56
cmoj21o5038omqo0fgdgjpgri,BANNED-PenTest User,USAGE,Export: TIFF,-1,2026-04-28 20:43:25.105
cmoj21o5038omqo0fgdgjpgri,BANNED-PenTest User,USAGE,Export: TIFF,-1,2026-04-28 20:43:25.547
cmoj21o5038omqo0fgdgjpgri,BANNED-PenTest User,USAGE,Export: TIFF,-1,2026-04-28 20:43:26.116
cmoj21o5038omqo0fgdgjpgri,BANNED-PenTest User,USAGE,Export: TIFF,-1,2026-04-28 20:43:26.657
cmoj21o5038omqo0fgdgjpgri,BANNED-PenTest User,USAGE,Export: TIFF,-1,2026-04-28 20:43:27.177
cmoj21o5038omqo0fgdgjpgri,BANNED-PenTest User,USAGE,Export: TIFF,-1,2026-04-28 20:43:54.919
cmoj21o5038omqo0fgdgjpgri,BANNED-PenTest User,USAGE,Export: TIFF,-1,2026-04-28 20:43:55.605
cmoj21o5038omqo0fgdgjpgri,BANNED-PenTest User,USAGE,Export: TIFF,-1,2026-04-28 20:43:56.31
cmoj21o5038omqo0fgdgjpgri,BANNED-PenTest User,USAGE,Export: TIFF,-1,2026-04-28 20:45:15.167
cmoj21o5038omqo0fgdgjpgri,BANNED-PenTest User,USAGE,Export: TIFF,-1,2026-04-28 20:45:15.711
cmoj21o5038omqo0fgdgjpgri,BANNED-PenTest User,USAGE,Export: TIFF,-1,2026-04-28 20:45:16.243
cmoj21o5038omqo0fgdgjpgri,BANNED-PenTest User,USAGE,Export: TIFF,-1,2026-04-28 20:46:03.543
cmoj21o5038omqo0fgdgjpgri,BANNED-PenTest User,USAGE,Export: TIFF,-1,2026-04-28 20:46:04.066
cmoj21o5038omqo0fgdgjpgri,BANNED-PenTest User,USAGE,Export: TIFF,-1,2026-04-28 20:46:04.607
cmoj21o5038omqo0fgdgjpgri,BANNED-PenTest User,USAGE,Export: TIFF,-1,2026-04-28 20:46:05.154
cmoj21o5038omqo0fgdgjpgri,BANNED-PenTest User,USAGE,Export: TIFF,-1,2026-04-28 20:46:45.671
cmoj21o5038omqo0fgdgjpgri,BANNED-PenTest User,USAGE,Export: TIFF,-1,2026-04-28 20:47:18.437
cmoj21o5038omqo0fgdgjpgri,BANNED-PenTest User,USAGE,Export: TIFF,-1,2026-04-28 20:48:05.145
cmoj21o5038omqo0fgdgjpgri,BANNED-PenTest User,USAGE,Export: TIFF,-1,2026-04-28 20:48:05.704
cmoj21o5038omqo0fgdgjpgri,BANNED-PenTest User,USAGE,Export: TIFF,-1,2026-04-28 20:48:06.197
cmoj21o5038omqo0fgdgjpgri,BANNED-PenTest User,USAGE,Export: TIFF,-1,2026-04-28 20:48:06.733
cmoj21o5038omqo0fgdgjpgri,BANNED-PenTest User,USAGE,Export: TIFF,-1,2026-04-28 20:48:07.187
cmoj21o5038omqo0fgdgjpgri,BANNED-PenTest User,USAGE,Export: TIFF,-1,2026-04-28 20:48:07.762
cmoj21o5038omqo0fgdgjpgri,BANNED-PenTest User,USAGE,Export: TIFF,-1,2026-04-28 20:48:08.287
cmoj21o5038omqo0fgdgjpgri,BANNED-PenTest User,USAGE,Export: TIFF,-1,2026-04-28 20:51:45.437
cmoj21o5038omqo0fgdgjpgri,BANNED-PenTest User,USAGE,Export: TIFF,-1,2026-04-28 20:53:45.167
cmoj21o5038omqo0fgdgjpgri,BANNED-PenTest User,USAGE,Export: TIFF,-1,2026-04-28 20:53:45.853
cmoj21o5038omqo0fgdgjpgri,BANNED-PenTest User,USAGE,Export: TIFF,-1,2026-04-28 20:54:45.266
cmoj21o5038omqo0fgdgjpgri,BANNED-PenTest User,USAGE,Export Full Pack (3 formats),-4,2026-04-28 20:55:05.746
cmoj21o5038omqo0fgdgjpgri,BANNED-PenTest User,USAGE,Export Full Pack (3 formats),-4,2026-04-28 20:55:06.523
cmoj21o5038omqo0fgdgjpgri,BANNED-PenTest User,USAGE,Export: TIFF,-1,2026-04-28 20:55:43.702
cmoj21o5038omqo0fgdgjpgri,BANNED-PenTest User,USAGE,Export: PDF,-1,2026-04-28 20:55:44.471
cmoj21o5038omqo0fgdgjpgri,BANNED-PenTest User,USAGE,Export: TIFF,-1,2026-04-28 20:56:14.24
cmoj21o5038omqo0fgdgjpgri,BANNED-PenTest User,USAGE,Export: TIFF,-1,2026-04-28 20:56:41.271
cmoj21o5038omqo0fgdgjpgri,BANNED-PenTest User,USAGE,UPSCALE_8K - Sapphire Refine Core,-1,2026-04-28 20:57:13.646
cmoj21o5038omqo0fgdgjpgri,BANNED-PenTest User,USAGE,UPSCALE_8K - Sapphire Refine Core,-1,2026-04-28 20:57:14.248
cmoj21o5038omqo0fgdgjpgri,BANNED-PenTest User,USAGE,PATTERN_GENERATION - Sapphire Neural Core v4,-2,2026-04-28 20:57:15.022
cmoj21o5038omqo0fgdgjpgri,BANNED-PenTest User,USAGE,Export: TIFF,-1,2026-04-28 20:58:34.279
cmoj21o5038omqo0fgdgjpgri,BANNED-PenTest User,USAGE,Export: PDF,-1,2026-04-28 20:58:35.619
cmoj21o5038omqo0fgdgjpgri,BANNED-PenTest User,USAGE,Export: TIFF,-1,2026-04-28 20:59:11.79
cmoj21o5038omqo0fgdgjpgri,BANNED-PenTest User,USAGE,Export: TIFF,-1,2026-04-28 20:59:47.719
cmoj21o5038omqo0fgdgjpgri,BANNED-PenTest User,USAGE,Export: TIFF,-1,2026-04-28 20:59:48.58
cmoj21o5038omqo0fgdgjpgri,BANNED-PenTest User,USAGE,Export: TIFF,-1,2026-04-28 20:59:49.551
cmoj21o5038omqo0fgdgjpgri,BANNED-PenTest User,USAGE,Export: TIFF,-1,2026-04-28 21:00:33.344
cmoj21o5038omqo0fgdgjpgri,BANNED-PenTest User,USAGE,Export: TIFF,-1,2026-04-28 21:00:34
cmoj21o5038omqo0fgdgjpgri,BANNED-PenTest User,USAGE,Export: TIFF,-1,2026-04-28 21:01:08.176
cmoj21o5038omqo0fgdgjpgri,BANNED-PenTest User,USAGE,Export: TIFF,-1,2026-04-28 21:01:09.234
cmoj21o5038omqo0fgdgjpgri,BANNED-PenTest User,USAGE,Export: TIFF,-1,2026-04-28 21:01:10.302
cmoj21o5038omqo0fgdgjpgri,BANNED-PenTest User,USAGE,Export: TIFF,-1,2026-04-28 21:01:11.5
cmoj21o5038omqo0fgdgjpgri,BANNED-PenTest User,USAGE,Export: TIFF,-1,2026-04-28 21:01:53.63
cmoj21o5038omqo0fgdgjpgri,BANNED-PenTest User,USAGE,Export: TIFF,-1,2026-04-28 21:01:54.642
cmoj21o5038omqo0fgdgjpgri,BANNED-PenTest User,USAGE,Export: TIFF,-1,2026-04-28 21:01:55.949
cmoj21o5038omqo0fgdgjpgri,BANNED-PenTest User,USAGE,Export: TIFF,-1,2026-04-28 21:01:57.27
cmoj21o5038omqo0fgdgjpgri,BANNED-PenTest User,USAGE,Export: TIFF,-1,2026-04-28 21:01:58.577
cmoj21o5038omqo0fgdgjpgri,BANNED-PenTest User,USAGE,Export: TIFF,-1,2026-04-28 21:01:59.871
cmoj21o5038omqo0fgdgjpgri,BANNED-PenTest User,USAGE,Export: TIFF,-1,2026-04-28 21:02:32.814
cmoj21o5038omqo0fgdgjpgri,BANNED-PenTest User,USAGE,Export: TIFF,-1,2026-04-28 21:02:33.877
cmoj21o5038omqo0fgdgjpgri,BANNED-PenTest User,USAGE,Export: TIFF,-1,2026-04-28 21:02:34.988
cmoj21o5038omqo0fgdgjpgri,BANNED-PenTest User,USAGE,Export: TIFF,-1,2026-04-28 21:02:36.038
cmoj21o5038omqo0fgdgjpgri,BANNED-PenTest User,USAGE,Export: TIFF,-1,2026-04-28 21:02:37.23
cmoj21o5038omqo0fgdgjpgri,BANNED-PenTest User,USAGE,Export: TIFF,-1,2026-04-28 21:02:38.321
cmoj21o5038omqo0fgdgjpgri,BANNED-PenTest User,USAGE,Export: TIFF,-1,2026-04-28 21:02:39.352
cmoj21o5038omqo0fgdgjpgri,BANNED-PenTest User,USAGE,Export: TIFF,-1,2026-04-28 21:02:40.423
cmoj21o5038omqo0fgdgjpgri,BANNED-PenTest User,USAGE,Export: TIFF,-1,2026-04-28 21:03:26.351
cmoj21o5038omqo0fgdgjpgri,BANNED-PenTest User,USAGE,Export: TIFF,-1,2026-04-28 21:03:27.84
cmoj21o5038omqo0fgdgjpgri,BANNED-PenTest User,USAGE,Export: TIFF,-1,2026-04-28 21:03:29.224
cmoj21o5038omqo0fgdgjpgri,BANNED-PenTest User,USAGE,Export: TIFF,-1,2026-04-28 21:03:30.708
cmoj21o5038omqo0fgdgjpgri,BANNED-PenTest User,USAGE,Export: TIFF,-1,2026-04-28 21:03:32.037
cmoj21o5038omqo0fgdgjpgri,BANNED-PenTest User,USAGE,Export: TIFF,-1,2026-04-28 21:03:33.431
cmoj21o5038omqo0fgdgjpgri,BANNED-PenTest User,USAGE,Export: TIFF,-1,2026-04-28 21:04:13.318
cmoj21o5038omqo0fgdgjpgri,BANNED-PenTest User,USAGE,Export: TIFF,-1,2026-04-28 21:04:14.195
cmoj21o5038omqo0fgdgjpgri,BANNED-PenTest User,USAGE,Export: TIFF,-1,2026-04-28 21:06:26.268
cmoj21o5038omqo0fgdgjpgri,BANNED-PenTest User,USAGE,Export: TIFF,-1,2026-04-28 21:06:27.59
cmoj21o5038omqo0fgdgjpgri,BANNED-PenTest User,USAGE,Export: TIFF,-1,2026-04-28 21:06:28.843
cmoj21o5038omqo0fgdgjpgri,BANNED-PenTest User,USAGE,Export: TIFF,-1,2026-04-28 21:06:29.978
cmoj21o5038omqo0fgdgjpgri,BANNED-PenTest User,USAGE,Export: TIFF,-1,2026-04-28 21:06:31.12
cmoj21o5038omqo0fgdgjpgri,BANNED-PenTest User,USAGE,Export: TIFF,-1,2026-04-28 21:06:32.289
cmoj21o5038omqo0fgdgjpgri,BANNED-PenTest User,USAGE,Export: TIFF,-1,2026-04-28 21:07:17.007
cmoj21o5038omqo0fgdgjpgri,BANNED-PenTest User,USAGE,Export: TIFF,-1,2026-04-28 21:07:18.007
cmoj21o5038omqo0fgdgjpgri,BANNED-PenTest User,USAGE,Export: TIFF,-1,2026-04-28 21:07:19.035
cmoj21o5038omqo0fgdgjpgri,BANNED-PenTest User,USAGE,Export: TIFF,-1,2026-04-28 21:07:20.118
cmoj21o5038omqo0fgdgjpgri,BANNED-PenTest User,USAGE,Export: TIFF,-1,2026-04-28 21:07:21.148
cmoj21o5038omqo0fgdgjpgri,BANNED-PenTest User,USAGE,Export: TIFF,-1,2026-04-28 21:07:22.178
cmoj21o5038omqo0fgdgjpgri,BANNED-PenTest User,USAGE,Export: TIFF,-1,2026-04-28 21:07:23.243
cmoj21o5038omqo0fgdgjpgri,BANNED-PenTest User,USAGE,Export: TIFF,-1,2026-04-28 21:07:24.189
cmoj21o5038omqo0fgdgjpgri,BANNED-PenTest User,USAGE,Export: TIFF,-1,2026-04-28 21:07:25.295
cmoj21o5038omqo0fgdgjpgri,BANNED-PenTest User,USAGE,Export: TIFF,-1,2026-04-28 21:07:26.349
cmoj21o5038omqo0fgdgjpgri,BANNED-PenTest User,USAGE,Export: TIFF,-1,2026-04-28 21:07:27.349
cmoj21o5038omqo0fgdgjpgri,BANNED-PenTest User,USAGE,Export: TIFF,-1,2026-04-28 21:07:28.343
cmoj21o5038omqo0fgdgjpgri,BANNED-PenTest User,USAGE,Export: TIFF,-1,2026-04-28 21:07:29.374
cmoj21o5038omqo0fgdgjpgri,BANNED-PenTest User,USAGE,Export: TIFF,-1,2026-04-28 21:07:30.4
cmoj21o5038omqo0fgdgjpgri,BANNED-PenTest User,USAGE,Export: TIFF,-1,2026-04-28 21:07:31.358
cmoj21o5038omqo0fgdgjpgri,BANNED-PenTest User,USAGE,Export: TIFF,-1,2026-04-28 21:07:32.341
cmoj21o5038omqo0fgdgjpgri,BANNED-PenTest User,USAGE,Export: TIFF,-1,2026-04-28 21:07:33.342
cmoj21o5038omqo0fgdgjpgri,BANNED-PenTest User,USAGE,Export: TIFF,-1,2026-04-28 21:07:34.393
cmoj21o5038omqo0fgdgjpgri,BANNED-PenTest User,USAGE,Export: TIFF,-1,2026-04-28 21:07:35.431
cmoj21o5038omqo0fgdgjpgri,BANNED-PenTest User,USAGE,Export: TIFF,-1,2026-04-28 21:07:36.917
cmoj21o5038omqo0fgdgjpgri,BANNED-PenTest User,USAGE,Export: TIFF,-1,2026-04-28 21:07:37.774
cmoj21o5038omqo0fgdgjpgri,BANNED-PenTest User,USAGE,Export: TIFF,-1,2026-04-28 21:08:31.006
cmoj21o5038omqo0fgdgjpgri,BANNED-PenTest User,USAGE,Export: TIFF,-1,2026-04-28 21:08:32.063
cmoj21o5038omqo0fgdgjpgri,BANNED-PenTest User,USAGE,Export: TIFF,-1,2026-04-28 21:08:33.136
cmoj21o5038omqo0fgdgjpgri,BANNED-PenTest User,USAGE,Export: TIFF,-1,2026-04-28 21:08:34.187
cmoj21o5038omqo0fgdgjpgri,BANNED-PenTest User,USAGE,Export: TIFF,-1,2026-04-28 21:08:35.307
cmoj21o5038omqo0fgdgjpgri,BANNED-PenTest User,USAGE,Export: TIFF,-1,2026-04-28 21:08:36.404
cmoj21o5038omqo0fgdgjpgri,BANNED-PenTest User,USAGE,Export: TIFF,-1,2026-04-28 21:08:37.546
cmoj21o5038omqo0fgdgjpgri,BANNED-PenTest User,USAGE,Export: TIFF,-1,2026-04-28 21:08:38.739
cmoj21o5038omqo0fgdgjpgri,BANNED-PenTest User,USAGE,Export: TIFF,-1,2026-04-28 21:08:39.865
cmoj21o5038omqo0fgdgjpgri,BANNED-PenTest User,USAGE,Export: TIFF,-1,2026-04-28 21:08:41.112
cmoj21o5038omqo0fgdgjpgri,BANNED-PenTest User,USAGE,Export: TIFF,-1,2026-04-28 21:08:42.464
cmoj21o5038omqo0fgdgjpgri,BANNED-PenTest User,USAGE,Export: TIFF,-1,2026-04-28 21:08:43.59
cmoj21o5038omqo0fgdgjpgri,BANNED-PenTest User,USAGE,Export: TIFF,-1,2026-04-28 21:08:44.7
cmoj21o5038omqo0fgdgjpgri,BANNED-PenTest User,USAGE,Export: TIFF,-1,2026-04-28 21:10:34.256
cmoj21o5038omqo0fgdgjpgri,BANNED-PenTest User,USAGE,Export: TIFF,-1,2026-04-28 21:10:35.219
cmoj21o5038omqo0fgdgjpgri,BANNED-PenTest User,USAGE,Export: TIFF,-1,2026-04-28 21:10:36.786
cmoj21o5038omqo0fgdgjpgri,BANNED-PenTest User,USAGE,Export: TIFF,-1,2026-04-28 21:10:38.04
cmoj21o5038omqo0fgdgjpgri,BANNED-PenTest User,USAGE,Export: TIFF,-1,2026-04-28 21:10:39.367
cmoj21o5038omqo0fgdgjpgri,BANNED-PenTest User,USAGE,Export: TIFF,-1,2026-04-28 21:10:40.669
cmoj21o5038omqo0fgdgjpgri,BANNED-PenTest User,USAGE,Export: TIFF,-1,2026-04-28 21:10:41.689
cmoj21o5038omqo0fgdgjpgri,BANNED-PenTest User,USAGE,Export: TIFF,-1,2026-04-28 21:11:10.614
cmoj21o5038omqo0fgdgjpgri,BANNED-PenTest User,USAGE,Export: TIFF,-1,2026-04-28 21:11:11.984
cmoj21o5038omqo0fgdgjpgri,BANNED-PenTest User,USAGE,Export: TIFF,-1,2026-04-28 21:11:13.257
cmoj21o5038omqo0fgdgjpgri,BANNED-PenTest User,USAGE,Export: TIFF,-1,2026-04-28 21:11:14.449
cmoj21o5038omqo0fgdgjpgri,BANNED-PenTest User,USAGE,Export: TIFF,-1,2026-04-28 21:11:15.589
cmoj21o5038omqo0fgdgjpgri,BANNED-PenTest User,USAGE,Export: TIFF,-1,2026-04-28 21:11:16.778
cmoj21o5038omqo0fgdgjpgri,BANNED-PenTest User,USAGE,Export: TIFF,-1,2026-04-28 21:11:18.023
cmoj21o5038omqo0fgdgjpgri,BANNED-PenTest User,USAGE,Export: TIFF,-1,2026-04-28 21:11:19.159
cmoj21o5038omqo0fgdgjpgri,BANNED-PenTest User,USAGE,Export: TIFF,-1,2026-04-28 21:11:20.376
cmoj21o5038omqo0fgdgjpgri,BANNED-PenTest User,USAGE,Export: TIFF,-1,2026-04-28 21:11:21.512
cmoj21o5038omqo0fgdgjpgri,BANNED-PenTest User,USAGE,Export: TIFF,-1,2026-04-28 21:11:22.712
cmoj21o5038omqo0fgdgjpgri,BANNED-PenTest User,USAGE,Export: TIFF,-1,2026-04-28 21:11:23.907
cmoj21o5038omqo0fgdgjpgri,BANNED-PenTest User,USAGE,Export: TIFF,-1,2026-04-28 21:11:25.132
cmoj21o5038omqo0fgdgjpgri,BANNED-PenTest User,USAGE,Export: TIFF,-1,2026-04-28 21:11:26.388
cmoj21o5038omqo0fgdgjpgri,BANNED-PenTest User,USAGE,Export: TIFF,-1,2026-04-28 21:11:27.58
cmoj21o5038omqo0fgdgjpgri,BANNED-PenTest User,USAGE,Export: TIFF,-1,2026-04-28 21:11:28.778
cmoj21o5038omqo0fgdgjpgri,BANNED-PenTest User,USAGE,Export: TIFF,-1,2026-04-28 21:11:56.861
cmoj21o5038omqo0fgdgjpgri,BANNED-PenTest User,USAGE,Export: TIFF,-1,2026-04-28 21:11:58.586
cmoj21o5038omqo0fgdgjpgri,BANNED-PenTest User,USAGE,Export: TIFF,-1,2026-04-28 21:11:59.743
cmoj21o5038omqo0fgdgjpgri,BANNED-PenTest User,USAGE,Export: TIFF,-1,2026-04-28 21:12:01.051
cmoj21o5038omqo0fgdgjpgri,BANNED-PenTest User,USAGE,Export: TIFF,-1,2026-04-28 21:12:02.353
cmoj21o5038omqo0fgdgjpgri,BANNED-PenTest User,USAGE,Export: TIFF,-1,2026-04-28 21:12:03.615
cmoj21o5038omqo0fgdgjpgri,BANNED-PenTest User,USAGE,Export: TIFF,-1,2026-04-28 21:12:04.932
cmoj21o5038omqo0fgdgjpgri,BANNED-PenTest User,USAGE,Export: TIFF,-1,2026-04-28 21:12:06.264
cmoj21o5038omqo0fgdgjpgri,BANNED-PenTest User,USAGE,Export: TIFF,-1,2026-04-28 21:12:07.533
cmoj21o5038omqo0fgdgjpgri,BANNED-PenTest User,USAGE,Export: TIFF,-1,2026-04-28 21:12:08.786
cmoj21o5038omqo0fgdgjpgri,BANNED-PenTest User,USAGE,Export: TIFF,-1,2026-04-28 21:12:26.755
cmoj21o5038omqo0fgdgjpgri,BANNED-PenTest User,USAGE,Export: TIFF,-1,2026-04-28 21:12:28.102
cmoj21o5038omqo0fgdgjpgri,BANNED-PenTest User,USAGE,Export: TIFF,-1,2026-04-28 21:12:29.426
cmoj21o5038omqo0fgdgjpgri,BANNED-PenTest User,USAGE,Export: TIFF,-1,2026-04-28 21:12:30.644
cmoj21o5038omqo0fgdgjpgri,BANNED-PenTest User,USAGE,Export: TIFF,-1,2026-04-28 21:12:32.037
cmoj21o5038omqo0fgdgjpgri,BANNED-PenTest User,USAGE,Export: TIFF,-1,2026-04-28 21:12:33.31
cmoj21o5038omqo0fgdgjpgri,BANNED-PenTest User,USAGE,Export: TIFF,-1,2026-04-28 21:12:34.564
cmoj21o5038omqo0fgdgjpgri,BANNED-PenTest User,USAGE,Export: TIFF,-1,2026-04-28 21:12:35.729
cmoj21o5038omqo0fgdgjpgri,BANNED-PenTest User,USAGE,Export: TIFF,-1,2026-04-28 21:12:36.905
cmoj21o5038omqo0fgdgjpgri,BANNED-PenTest User,USAGE,Export: TIFF,-1,2026-04-28 21:12:38.155
cmoj21o5038omqo0fgdgjpgri,BANNED-PenTest User,USAGE,Export: TIFF,-1,2026-04-28 21:12:39.435
cmoj21o5038omqo0fgdgjpgri,BANNED-PenTest User,USAGE,Export: TIFF,-1,2026-04-28 21:12:40.741
cmoj21o5038omqo0fgdgjpgri,BANNED-PenTest User,USAGE,Export: TIFF,-1,2026-04-28 21:12:42.115
cmoj21o5038omqo0fgdgjpgri,BANNED-PenTest User,USAGE,Export: TIFF,-1,2026-04-28 21:12:43.429
cmoj21o5038omqo0fgdgjpgri,BANNED-PenTest User,USAGE,Export: TIFF,-1,2026-04-28 21:12:44.643
cmoj21o5038omqo0fgdgjpgri,BANNED-PenTest User,USAGE,Export: TIFF,-1,2026-04-28 21:12:45.776
cmoj21o5038omqo0fgdgjpgri,BANNED-PenTest User,USAGE,Export: TIFF,-1,2026-04-28 21:12:47.007
cmoj21o5038omqo0fgdgjpgri,BANNED-PenTest User,USAGE,Export: TIFF,-1,2026-04-28 21:12:48.276
cmoj21o5038omqo0fgdgjpgri,BANNED-PenTest User,USAGE,Export: TIFF,-1,2026-04-28 21:12:49.505
cmoj21o5038omqo0fgdgjpgri,BANNED-PenTest User,USAGE,Export: TIFF,-1,2026-04-28 21:12:50.691
cmoj21o5038omqo0fgdgjpgri,BANNED-PenTest User,USAGE,Export: TIFF,-1,2026-04-28 21:12:57.854
cmoj21o5038omqo0fgdgjpgri,BANNED-PenTest User,USAGE,Export: TIFF,-1,2026-04-28 21:12:59.053
cmoj21o5038omqo0fgdgjpgri,BANNED-PenTest User,USAGE,Export: TIFF,-1,2026-04-28 21:13:00.619
cmoj21o5038omqo0fgdgjpgri,BANNED-PenTest User,USAGE,Export: TIFF,-1,2026-04-28 21:13:01.928
cmoj21o5038omqo0fgdgjpgri,BANNED-PenTest User,USAGE,Export: TIFF,-1,2026-04-28 21:13:03.464
cmoj21o5038omqo0fgdgjpgri,BANNED-PenTest User,USAGE,Export: TIFF,-1,2026-04-28 21:13:38.487
cmoj21o5038omqo0fgdgjpgri,BANNED-PenTest User,USAGE,Export: TIFF,-1,2026-04-28 21:13:39.112
cmoj21o5038omqo0fgdgjpgri,BANNED-PenTest User,USAGE,Export: TIFF,-1,2026-04-28 21:13:39.962
cmoj21o5038omqo0fgdgjpgri,BANNED-PenTest User,USAGE,Export: TIFF,-1,2026-04-28 21:13:40.613
cmoj21o5038omqo0fgdgjpgri,BANNED-PenTest User,USAGE,Export: TIFF,-1,2026-04-28 21:13:43.382
cmoj21o5038omqo0fgdgjpgri,BANNED-PenTest User,USAGE,Export: TIFF,-1,2026-04-28 21:14:13.817
cmoj21o5038omqo0fgdgjpgri,BANNED-PenTest User,USAGE,Export: TIFF,-1,2026-04-28 21:14:51.201
cmoj21o5038omqo0fgdgjpgri,BANNED-PenTest User,USAGE,Export: TIFF,-1,2026-04-28 21:14:52.838
cmoj21o5038omqo0fgdgjpgri,BANNED-PenTest User,USAGE,Export: TIFF,-1,2026-04-28 21:14:54.149
cmoj21o5038omqo0fgdgjpgri,BANNED-PenTest User,USAGE,Export: TIFF,-1,2026-04-28 21:14:55.505
cmoj21o5038omqo0fgdgjpgri,BANNED-PenTest User,USAGE,Export: TIFF,-1,2026-04-28 21:14:57.296
cmoj21o5038omqo0fgdgjpgri,BANNED-PenTest User,USAGE,Export: PDF,-1,2026-04-28 21:15:02.183
cmoj21o5038omqo0fgdgjpgri,BANNED-PenTest User,USAGE,Export: TIFF,-1,2026-04-28 21:15:45.514
cmoj21o5038omqo0fgdgjpgri,BANNED-PenTest User,USAGE,Export: TIFF,-1,2026-04-28 21:15:46.8
cmoj21o5038omqo0fgdgjpgri,BANNED-PenTest User,USAGE,Export: TIFF,-1,2026-04-28 21:15:48.081
cmoj21o5038omqo0fgdgjpgri,BANNED-PenTest User,USAGE,Export: TIFF,-1,2026-04-28 21:15:49.341
cmoj21o5038omqo0fgdgjpgri,BANNED-PenTest User,USAGE,Export: TIFF,-1,2026-04-28 21:15:50.555
cmoj21o5038omqo0fgdgjpgri,BANNED-PenTest User,USAGE,Export: TIFF,-1,2026-04-28 21:15:51.904
cmoj21o5038omqo0fgdgjpgri,BANNED-PenTest User,USAGE,Export: TIFF,-1,2026-04-28 21:15:53.226
cmoj21o5038omqo0fgdgjpgri,BANNED-PenTest User,USAGE,Export: PDF,-1,2026-04-28 21:16:37.325
cmoj21o5038omqo0fgdgjpgri,BANNED-PenTest User,USAGE,Export: TIFF,-1,2026-04-28 21:17:25.755
cmoj21o5038omqo0fgdgjpgri,BANNED-PenTest User,USAGE,Export: TIFF,-1,2026-04-28 21:17:27.299
cmoj21o5038omqo0fgdgjpgri,BANNED-PenTest User,USAGE,Export: TIFF,-1,2026-04-28 21:17:29.166
cmoj21o5038omqo0fgdgjpgri,BANNED-PenTest User,USAGE,Export: TIFF,-1,2026-04-28 21:17:30.452
cmoj21o5038omqo0fgdgjpgri,BANNED-PenTest User,USAGE,Export: TIFF,-1,2026-04-28 21:17:31.69
cmoj21o5038omqo0fgdgjpgri,BANNED-PenTest User,USAGE,Export: TIFF,-1,2026-04-28 21:17:32.913
cmoj21o5038omqo0fgdgjpgri,BANNED-PenTest User,USAGE,Export: TIFF,-1,2026-04-28 21:17:57.874
cmoj21o5038omqo0fgdgjpgri,BANNED-PenTest User,USAGE,Export: TIFF,-1,2026-04-28 21:17:59.854
cmoj21o5038omqo0fgdgjpgri,BANNED-PenTest User,USAGE,Export: TIFF,-1,2026-04-28 21:18:00.757
cmoj21o5038omqo0fgdgjpgri,BANNED-PenTest User,USAGE,Export: TIFF,-1,2026-04-28 21:18:40.142
cmoj21o5038omqo0fgdgjpgri,BANNED-PenTest User,USAGE,Export: TIFF,-1,2026-04-28 21:18:41.557
cmoj21o5038omqo0fgdgjpgri,BANNED-PenTest User,USAGE,Export: TIFF,-1,2026-04-28 21:18:42.885
cmoj21o5038omqo0fgdgjpgri,BANNED-PenTest User,USAGE,Export: TIFF,-1,2026-04-28 21:18:44.067
cmoj21o5038omqo0fgdgjpgri,BANNED-PenTest User,USAGE,Export: TIFF,-1,2026-04-28 21:18:45.304
cmoj21o5038omqo0fgdgjpgri,BANNED-PenTest User,USAGE,Export: TIFF,-1,2026-04-28 21:18:47.035
cmoj21o5038omqo0fgdgjpgri,BANNED-PenTest User,USAGE,Export: TIFF,-1,2026-04-28 21:19:18.295
cmoj21o5038omqo0fgdgjpgri,BANNED-PenTest User,USAGE,Export: TIFF,-1,2026-04-28 21:19:20.2
cmoj21o5038omqo0fgdgjpgri,BANNED-PenTest User,USAGE,Export: TIFF,-1,2026-04-28 21:19:20.275
cmoj21o5038omqo0fgdgjpgri,BANNED-PenTest User,USAGE,Export: TIFF,-1,2026-04-28 21:19:21.468
cmoj21o5038omqo0fgdgjpgri,BANNED-PenTest User,USAGE,Export: TIFF,-1,2026-04-28 21:19:22.694
cmoj21o5038omqo0fgdgjpgri,BANNED-PenTest User,USAGE,Export: TIFF,-1,2026-04-28 21:19:23.965
cmoj21o5038omqo0fgdgjpgri,BANNED-PenTest User,USAGE,Export: TIFF,-1,2026-04-28 21:19:25.133
cmoj21o5038omqo0fgdgjpgri,BANNED-PenTest User,USAGE,Export: TIFF,-1,2026-04-28 21:19:26.428
cmoj21o5038omqo0fgdgjpgri,BANNED-PenTest User,USAGE,Export: TIFF,-1,2026-04-28 21:19:27.693
cmoj21o5038omqo0fgdgjpgri,BANNED-PenTest User,USAGE,Export: TIFF,-1,2026-04-28 21:19:29.703
cmoj21o5038omqo0fgdgjpgri,BANNED-PenTest User,USAGE,Export: TIFF,-1,2026-04-28 21:19:30.924
cmoj21o5038omqo0fgdgjpgri,BANNED-PenTest User,USAGE,Export: TIFF,-1,2026-04-28 21:19:32.146
cmoj21o5038omqo0fgdgjpgri,BANNED-PenTest User,USAGE,Export: TIFF,-1,2026-04-28 21:19:33.465
cmoj21o5038omqo0fgdgjpgri,BANNED-PenTest User,USAGE,Export: TIFF,-1,2026-04-28 21:19:34.777
cmoj21o5038omqo0fgdgjpgri,BANNED-PenTest User,USAGE,Export: TIFF,-1,2026-04-28 21:19:36.079
cmoj21o5038omqo0fgdgjpgri,BANNED-PenTest User,USAGE,Export: TIFF,-1,2026-04-28 21:19:37.377
cmoj21o5038omqo0fgdgjpgri,BANNED-PenTest User,USAGE,Export: TIFF,-1,2026-04-28 21:19:38.742
cmoj21o5038omqo0fgdgjpgri,BANNED-PenTest User,USAGE,Export: TIFF,-1,2026-04-28 21:20:13.551
cmoj21o5038omqo0fgdgjpgri,BANNED-PenTest User,USAGE,Export: TIFF,-1,2026-04-28 21:20:14.221
cmoj21o5038omqo0fgdgjpgri,BANNED-PenTest User,USAGE,Export: TIFF,-1,2026-04-28 21:20:14.848
cmoj21o5038omqo0fgdgjpgri,BANNED-PenTest User,USAGE,Export: TIFF,-1,2026-04-28 21:20:15.484
cmoj21o5038omqo0fgdgjpgri,BANNED-PenTest User,USAGE,Export: TIFF,-1,2026-04-28 21:20:16.166
cmoj21o5038omqo0fgdgjpgri,BANNED-PenTest User,USAGE,Export: TIFF,-1,2026-04-28 21:20:48.855
cmoj21o5038omqo0fgdgjpgri,BANNED-PenTest User,USAGE,Export: TIFF,-1,2026-04-28 21:20:50.373
cmoj21o5038omqo0fgdgjpgri,BANNED-PenTest User,USAGE,Export: TIFF,-1,2026-04-28 21:20:51.663
cmoj21o5038omqo0fgdgjpgri,BANNED-PenTest User,USAGE,Export: TIFF,-1,2026-04-28 21:20:53.386
cmoj21o5038omqo0fgdgjpgri,BANNED-PenTest User,USAGE,Export: TIFF,-1,2026-04-28 21:20:54.661
cmoj21o5038omqo0fgdgjpgri,BANNED-PenTest User,USAGE,Export: TIFF,-1,2026-04-28 21:20:55.938
cmoj21o5038omqo0fgdgjpgri,BANNED-PenTest User,USAGE,Export: TIFF,-1,2026-04-28 21:20:57.878
cmoj21o5038omqo0fgdgjpgri,BANNED-PenTest User,USAGE,Export: TIFF,-1,2026-04-28 21:20:59.177
cmoj21o5038omqo0fgdgjpgri,BANNED-PenTest User,USAGE,Export: TIFF,-1,2026-04-28 21:21:00.452
cmoj21o5038omqo0fgdgjpgri,BANNED-PenTest User,USAGE,Export: TIFF,-1,2026-04-28 21:21:02.256
cmoj21o5038omqo0fgdgjpgri,BANNED-PenTest User,USAGE,Export: TIFF,-1,2026-04-28 21:21:19.872
cmoj21o5038omqo0fgdgjpgri,BANNED-PenTest User,USAGE,Export: TIFF,-1,2026-04-28 21:21:21.836
cmoj21o5038omqo0fgdgjpgri,BANNED-PenTest User,USAGE,Export: TIFF,-1,2026-04-28 21:23:12.226
cmoj21o5038omqo0fgdgjpgri,BANNED-PenTest User,USAGE,Export: TIFF,-1,2026-04-28 21:25:06.142
cmoj21o5038omqo0fgdgjpgri,BANNED-PenTest User,USAGE,Export: TIFF,-1,2026-04-28 21:25:34.716
cmoj21o5038omqo0fgdgjpgri,BANNED-PenTest User,USAGE,Export: TIFF,-1,2026-04-28 21:25:35.496
cmoj21o5038omqo0fgdgjpgri,BANNED-PenTest User,USAGE,Export: TIFF,-1,2026-04-28 21:25:36.237
cmoj21o5038omqo0fgdgjpgri,BANNED-PenTest User,USAGE,UPSCALE_8K - Sapphire Refine Core,-1,2026-04-28 21:26:33.392
cmoj21o5038omqo0fgdgjpgri,BANNED-PenTest User,USAGE,UPSCALE_8K - Sapphire Refine Core,-1,2026-04-28 21:26:36.31
cmoj21o5038omqo0fgdgjpgri,BANNED-PenTest User,USAGE,Export: TIFF,-1,2026-04-28 21:27:19.244
cmoj21o5038omqo0fgdgjpgri,BANNED-PenTest User,USAGE,Export: TIFF,-1,2026-04-28 21:27:19.628
cmoj21o5038omqo0fgdgjpgri,BANNED-PenTest User,USAGE,Export: TIFF,-1,2026-04-28 21:27:20.712
cmoj21o5038omqo0fgdgjpgri,BANNED-PenTest User,USAGE,Export: TIFF,-1,2026-04-28 21:27:21.804
cmoj21o5038omqo0fgdgjpgri,BANNED-PenTest User,USAGE,Export: TIFF,-1,2026-04-28 21:27:22.92
cmoj21o5038omqo0fgdgjpgri,BANNED-PenTest User,USAGE,Export: TIFF,-1,2026-04-28 21:27:24.137
cmoj21o5038omqo0fgdgjpgri,BANNED-PenTest User,USAGE,Export: TIFF,-1,2026-04-28 21:27:25.207
cmoj21o5038omqo0fgdgjpgri,BANNED-PenTest User,USAGE,Export: TIFF,-1,2026-04-28 21:27:26.302
cmoj21o5038omqo0fgdgjpgri,BANNED-PenTest User,USAGE,Export: TIFF,-1,2026-04-28 21:27:27.887
cmoj21o5038omqo0fgdgjpgri,BANNED-PenTest User,USAGE,Export: TIFF,-1,2026-04-28 21:27:29.011
cmoj21o5038omqo0fgdgjpgri,BANNED-PenTest User,USAGE,Export: TIFF,-1,2026-04-28 21:27:30.219
cmoj21o5038omqo0fgdgjpgri,BANNED-PenTest User,USAGE,Export: TIFF,-1,2026-04-28 21:27:31.228
cmoj21o5038omqo0fgdgjpgri,BANNED-PenTest User,USAGE,Export: TIFF,-1,2026-04-28 21:27:32.271
cmoj21o5038omqo0fgdgjpgri,BANNED-PenTest User,USAGE,Export: TIFF,-1,2026-04-28 21:27:33.235
cmoj21o5038omqo0fgdgjpgri,BANNED-PenTest User,USAGE,Export: TIFF,-1,2026-04-28 21:27:34.288
cmoj21o5038omqo0fgdgjpgri,BANNED-PenTest User,USAGE,Export: TIFF,-1,2026-04-28 21:27:35.348
cmoj21o5038omqo0fgdgjpgri,BANNED-PenTest User,USAGE,Export: TIFF,-1,2026-04-28 21:27:36.42
cmoj21o5038omqo0fgdgjpgri,BANNED-PenTest User,USAGE,Export: TIFF,-1,2026-04-28 21:27:37.49
cmoj21o5038omqo0fgdgjpgri,BANNED-PenTest User,USAGE,Export: TIFF,-1,2026-04-28 21:27:38.576
cmoj21o5038omqo0fgdgjpgri,BANNED-PenTest User,USAGE,Export: TIFF,-1,2026-04-28 21:27:39.74
cmoj21o5038omqo0fgdgjpgri,BANNED-PenTest User,USAGE,Export: TIFF,-1,2026-04-28 21:27:40.805
cmoj21o5038omqo0fgdgjpgri,BANNED-PenTest User,USAGE,Export: TIFF,-1,2026-04-28 21:27:41.993
cmoj21o5038omqo0fgdgjpgri,BANNED-PenTest User,USAGE,Export: TIFF,-1,2026-04-28 21:27:43.045
cmoj21o5038omqo0fgdgjpgri,BANNED-PenTest User,USAGE,Export: TIFF,-1,2026-04-28 21:27:44.222
cmoj21o5038omqo0fgdgjpgri,BANNED-PenTest User,USAGE,Export: TIFF,-1,2026-04-28 21:28:29.864
cmoj21o5038omqo0fgdgjpgri,BANNED-PenTest User,USAGE,Export: TIFF,-1,2026-04-28 21:28:30.804
cmoj21o5038omqo0fgdgjpgri,BANNED-PenTest User,USAGE,Export: PSD,-3,2026-04-28 21:28:32.183
cmoj21o5038omqo0fgdgjpgri,BANNED-PenTest User,USAGE,Export: TIFF,-1,2026-04-28 21:28:33.217
cmoj21o5038omqo0fgdgjpgri,BANNED-PenTest User,USAGE,Export: TIFF,-1,2026-04-28 21:29:20.912
cmoj21o5038omqo0fgdgjpgri,BANNED-PenTest User,USAGE,Export Full Pack (3 formats),-4,2026-04-28 21:29:23.552
cmoj21o5038omqo0fgdgjpgri,BANNED-PenTest User,USAGE,Export: TIFF,-1,2026-04-28 21:30:08.429
cmoj21o5038omqo0fgdgjpgri,BANNED-PenTest User,USAGE,Export: TIFF,-1,2026-04-28 21:30:42.608
cmoj21o5038omqo0fgdgjpgri,BANNED-PenTest User,USAGE,Export: PDF,-1,2026-04-28 21:31:34.641
cmoj21o5038omqo0fgdgjpgri,BANNED-PenTest User,USAGE,Export: PDF,-1,2026-04-28 21:31:35.855
cmoj21o5038omqo0fgdgjpgri,BANNED-PenTest User,USAGE,Export: PDF,-1,2026-04-28 21:31:37.111
cmoj21o5038omqo0fgdgjpgri,BANNED-PenTest User,USAGE,Export: PDF,-1,2026-04-28 21:31:38.438
cmoj21o5038omqo0fgdgjpgri,BANNED-PenTest User,USAGE,Export: PDF,-1,2026-04-28 21:31:39.918
cmoj21o5038omqo0fgdgjpgri,BANNED-PenTest User,USAGE,Export: PDF,-1,2026-04-28 21:31:41.115
cmoj21o5038omqo0fgdgjpgri,BANNED-PenTest User,USAGE,Export: PDF,-1,2026-04-28 21:31:42.34
cmoj21o5038omqo0fgdgjpgri,BANNED-PenTest User,USAGE,Export: PDF,-1,2026-04-28 21:31:43.567
cmoj21o5038omqo0fgdgjpgri,BANNED-PenTest User,USAGE,Export: PDF,-1,2026-04-28 21:31:44.768
cmoj21o5038omqo0fgdgjpgri,BANNED-PenTest User,USAGE,Export: PDF,-1,2026-04-28 21:31:46.669
cmoj21o5038omqo0fgdgjpgri,BANNED-PenTest User,USAGE,Export: PDF,-1,2026-04-28 21:31:47.946
cmoj21o5038omqo0fgdgjpgri,BANNED-PenTest User,USAGE,Export: PDF,-1,2026-04-28 21:31:49.272
cmoj21o5038omqo0fgdgjpgri,BANNED-PenTest User,USAGE,Export: PDF,-1,2026-04-28 21:31:50.46
cmoj21o5038omqo0fgdgjpgri,BANNED-PenTest User,USAGE,Export: PDF,-1,2026-04-28 21:31:51.617
cmoj21o5038omqo0fgdgjpgri,BANNED-PenTest User,USAGE,Export: PDF,-1,2026-04-28 21:31:52.774
cmoj21o5038omqo0fgdgjpgri,BANNED-PenTest User,USAGE,Export: PDF,-1,2026-04-28 21:31:54.07
cmoj21o5038omqo0fgdgjpgri,BANNED-PenTest User,USAGE,Export: PDF,-1,2026-04-28 21:31:55.394
cmoj21o5038omqo0fgdgjpgri,BANNED-PenTest User,USAGE,Export: PDF,-1,2026-04-28 21:31:56.637
cmoj21o5038omqo0fgdgjpgri,BANNED-PenTest User,USAGE,Export: PDF,-1,2026-04-28 21:31:57.904
cmoj21o5038omqo0fgdgjpgri,BANNED-PenTest User,USAGE,Export: PDF,-1,2026-04-28 21:31:59.153
cmoj21o5038omqo0fgdgjpgri,BANNED-PenTest User,USAGE,Export: PDF,-1,2026-04-28 21:32:00.465
cmoj21o5038omqo0fgdgjpgri,BANNED-PenTest User,USAGE,Export: PDF,-1,2026-04-28 21:32:01.751
cmoj21o5038omqo0fgdgjpgri,BANNED-PenTest User,USAGE,Export: PDF,-1,2026-04-28 21:32:02.862
cmoj21o5038omqo0fgdgjpgri,BANNED-PenTest User,USAGE,Export: PDF,-1,2026-04-28 21:32:04.095
cmoj21o5038omqo0fgdgjpgri,BANNED-PenTest User,USAGE,Export: PDF,-1,2026-04-28 21:32:05.35
cmoj21o5038omqo0fgdgjpgri,BANNED-PenTest User,USAGE,Export: PDF,-1,2026-04-28 21:32:06.637
cmoj21o5038omqo0fgdgjpgri,BANNED-PenTest User,USAGE,Export: PDF,-1,2026-04-28 21:32:07.916
cmoj21o5038omqo0fgdgjpgri,BANNED-PenTest User,USAGE,Export: PDF,-1,2026-04-28 21:32:09.181
cmoj21o5038omqo0fgdgjpgri,BANNED-PenTest User,USAGE,Export: PDF,-1,2026-04-28 21:32:10.463
cmoj21o5038omqo0fgdgjpgri,BANNED-PenTest User,USAGE,Export: PDF,-1,2026-04-28 21:32:11.845
cmoj21o5038omqo0fgdgjpgri,BANNED-PenTest User,USAGE,Export: TIFF,-1,2026-04-28 21:33:20.02
cmoj21o5038omqo0fgdgjpgri,BANNED-PenTest User,USAGE,Export: TIFF,-1,2026-04-28 21:33:59.062
cmoj21o5038omqo0fgdgjpgri,BANNED-PenTest User,USAGE,Export: TIFF,-1,2026-04-28 21:34:39.423
cmoj21o5038omqo0fgdgjpgri,BANNED-PenTest User,USAGE,Export: TIFF,-1,2026-04-28 21:34:40.304
cmoj21o5038omqo0fgdgjpgri,BANNED-PenTest User,USAGE,Export: TIFF,-1,2026-04-28 21:34:41.903
cmoj21o5038omqo0fgdgjpgri,BANNED-PenTest User,USAGE,Export: TIFF,-1,2026-04-28 21:35:30.863
cmoj21o5038omqo0fgdgjpgri,BANNED-PenTest User,USAGE,Export: TIFF,-1,2026-04-28 21:36:25.097
cmoj21o5038omqo0fgdgjpgri,BANNED-PenTest User,USAGE,Export: TIFF,-1,2026-04-28 21:36:25.954
cmoj21o5038omqo0fgdgjpgri,BANNED-PenTest User,USAGE,Export: TIFF,-1,2026-04-28 21:36:27.43
cmoj21o5038omqo0fgdgjpgri,BANNED-PenTest User,USAGE,Export: TIFF,-1,2026-04-28 21:36:28.59
cmoj21o5038omqo0fgdgjpgri,BANNED-PenTest User,USAGE,Export: TIFF,-1,2026-04-28 21:36:29.969
cmoj21o5038omqo0fgdgjpgri,BANNED-PenTest User,USAGE,Export: TIFF,-1,2026-04-28 21:36:31.218
cmoj21o5038omqo0fgdgjpgri,BANNED-PenTest User,USAGE,Export: TIFF,-1,2026-04-28 21:36:32.459
cmoj21o5038omqo0fgdgjpgri,BANNED-PenTest User,USAGE,Export: TIFF,-1,2026-04-28 21:36:33.649
cmoj21o5038omqo0fgdgjpgri,BANNED-PenTest User,USAGE,Export: TIFF,-1,2026-04-28 21:36:34.921
cmoj21o5038omqo0fgdgjpgri,BANNED-PenTest User,USAGE,Export: TIFF,-1,2026-04-28 21:37:10.145
cmoj21o5038omqo0fgdgjpgri,BANNED-PenTest User,USAGE,Export: TIFF,-1,2026-04-28 21:37:17.346
cmoj21o5038omqo0fgdgjpgri,BANNED-PenTest User,USAGE,Export: TIFF,-1,2026-04-28 21:37:18.579
cmoj21o5038omqo0fgdgjpgri,BANNED-PenTest User,USAGE,Export: TIFF,-1,2026-04-28 21:37:19.842
cmoj21o5038omqo0fgdgjpgri,BANNED-PenTest User,USAGE,Export: TIFF,-1,2026-04-28 21:37:21.142
cmoj21o5038omqo0fgdgjpgri,BANNED-PenTest User,USAGE,Export: TIFF,-1,2026-04-28 21:37:22.451
cmoj21o5038omqo0fgdgjpgri,BANNED-PenTest User,USAGE,Export: TIFF,-1,2026-04-28 21:37:23.749
cmoj21o5038omqo0fgdgjpgri,BANNED-PenTest User,USAGE,Export: TIFF,-1,2026-04-28 21:38:00.813
cmoj21o5038omqo0fgdgjpgri,BANNED-PenTest User,USAGE,Export: TIFF,-1,2026-04-28 21:38:01.098
cmoj21o5038omqo0fgdgjpgri,BANNED-PenTest User,USAGE,Export: TIFF,-1,2026-04-28 21:38:02.142
cmoj21o5038omqo0fgdgjpgri,BANNED-PenTest User,USAGE,Export: TIFF,-1,2026-04-28 21:38:03.255
cmoj21o5038omqo0fgdgjpgri,BANNED-PenTest User,USAGE,Export: TIFF,-1,2026-04-28 21:38:04.306
cmoj21o5038omqo0fgdgjpgri,BANNED-PenTest User,USAGE,Export: TIFF,-1,2026-04-28 21:38:05.343
cmoj21o5038omqo0fgdgjpgri,BANNED-PenTest User,USAGE,Export: TIFF,-1,2026-04-28 21:38:06.387
cmoj21o5038omqo0fgdgjpgri,BANNED-PenTest User,USAGE,Export: TIFF,-1,2026-04-28 21:38:07.414
cmoj21o5038omqo0fgdgjpgri,BANNED-PenTest User,USAGE,Export: TIFF,-1,2026-04-28 21:38:08.461
cmoj21o5038omqo0fgdgjpgri,BANNED-PenTest User,USAGE,Export: TIFF,-1,2026-04-28 21:38:09.431
cmoj21o5038omqo0fgdgjpgri,BANNED-PenTest User,USAGE,Export: TIFF,-1,2026-04-28 21:38:10.506
cmoj21o5038omqo0fgdgjpgri,BANNED-PenTest User,USAGE,Export: TIFF,-1,2026-04-28 21:38:11.694
cmoj21o5038omqo0fgdgjpgri,BANNED-PenTest User,USAGE,Export: TIFF,-1,2026-04-28 21:38:12.707
cmoj21o5038omqo0fgdgjpgri,BANNED-PenTest User,USAGE,Export: TIFF,-1,2026-04-28 21:38:13.811
cmoj21o5038omqo0fgdgjpgri,BANNED-PenTest User,USAGE,Export: TIFF,-1,2026-04-28 21:38:14.887
cmoj21o5038omqo0fgdgjpgri,BANNED-PenTest User,USAGE,Export: TIFF,-1,2026-04-28 21:38:15.913
cmoj21o5038omqo0fgdgjpgri,BANNED-PenTest User,USAGE,Export: TIFF,-1,2026-04-28 21:38:16.939
cmoj21o5038omqo0fgdgjpgri,BANNED-PenTest User,USAGE,Export: TIFF,-1,2026-04-28 21:38:17.99
cmoj21o5038omqo0fgdgjpgri,BANNED-PenTest User,USAGE,Export: TIFF,-1,2026-04-28 21:38:19.235
cmoj21o5038omqo0fgdgjpgri,BANNED-PenTest User,USAGE,Export: TIFF,-1,2026-04-28 21:38:20.371
cmoj21o5038omqo0fgdgjpgri,BANNED-PenTest User,USAGE,Export: TIFF,-1,2026-04-28 21:38:21.744
cmoj21o5038omqo0fgdgjpgri,BANNED-PenTest User,USAGE,Export: TIFF,-1,2026-04-28 21:38:22.978
cmoj21o5038omqo0fgdgjpgri,BANNED-PenTest User,USAGE,Export: TIFF,-1,2026-04-28 21:38:24.029
cmoj21o5038omqo0fgdgjpgri,BANNED-PenTest User,USAGE,Export: TIFF,-1,2026-04-28 21:38:25.123
cmoj21o5038omqo0fgdgjpgri,BANNED-PenTest User,USAGE,Export: TIFF,-1,2026-04-28 21:38:26.242
cmoj21o5038omqo0fgdgjpgri,BANNED-PenTest User,USAGE,Export: TIFF,-1,2026-04-28 21:38:27.334
cmoj21o5038omqo0fgdgjpgri,BANNED-PenTest User,USAGE,Export: TIFF,-1,2026-04-28 21:38:28.492
cmoj21o5038omqo0fgdgjpgri,BANNED-PenTest User,USAGE,Export: TIFF,-1,2026-04-28 21:38:29.61
cmoj21o5038omqo0fgdgjpgri,BANNED-PenTest User,USAGE,Export: TIFF,-1,2026-04-28 21:38:30.871
cmoj21o5038omqo0fgdgjpgri,BANNED-PenTest User,USAGE,Export: TIFF,-1,2026-04-28 21:38:31.952
cmoj21o5038omqo0fgdgjpgri,BANNED-PenTest User,USAGE,Export: TIFF,-1,2026-04-28 21:39:16.16
cmoj21o5038omqo0fgdgjpgri,BANNED-PenTest User,USAGE,Desen üretimi,500,2026-04-28 21:39:44.821
cmoj21o5038omqo0fgdgjpgri,BANNED-PenTest User,USAGE,Export: TIFF,-1,2026-04-28 21:40:57.035
cmoj21o5038omqo0fgdgjpgri,BANNED-PenTest User,USAGE,Export: TIFF,-1,2026-04-28 21:40:59.005
cmoj21o5038omqo0fgdgjpgri,BANNED-PenTest User,USAGE,Export: TIFF,-1,2026-04-28 21:41:00.326
cmoj21o5038omqo0fgdgjpgri,BANNED-PenTest User,USAGE,Export: TIFF,-1,2026-04-28 21:41:01.256
cmoj21o5038omqo0fgdgjpgri,BANNED-PenTest User,USAGE,Export: TIFF,-1,2026-04-28 21:41:02.547
cmoj21o5038omqo0fgdgjpgri,BANNED-PenTest User,USAGE,Export: TIFF,-1,2026-04-28 21:41:03.872
cmoj21o5038omqo0fgdgjpgri,BANNED-PenTest User,USAGE,Export: TIFF,-1,2026-04-28 21:41:05.053
cmoj21o5038omqo0fgdgjpgri,BANNED-PenTest User,USAGE,Export: TIFF,-1,2026-04-28 21:41:06.278
cmoj21o5038omqo0fgdgjpgri,BANNED-PenTest User,USAGE,Export: TIFF,-1,2026-04-28 21:44:19.725
cmoj21o5038omqo0fgdgjpgri,BANNED-PenTest User,USAGE,UPSCALE_8K - Sapphire Refine Core,-1,2026-04-28 21:44:49.34
cmoj21o5038omqo0fgdgjpgri,BANNED-PenTest User,USAGE,Export: TIFF,-1,2026-04-28 21:45:37.18
cmoj21o5038omqo0fgdgjpgri,BANNED-PenTest User,USAGE,Export: TIFF,-1,2026-04-28 21:45:38.444
cmoj21o5038omqo0fgdgjpgri,BANNED-PenTest User,USAGE,Export: TIFF,-1,2026-04-28 21:45:39.979
cmoj21o5038omqo0fgdgjpgri,BANNED-PenTest User,USAGE,Export: PDF,-1,2026-04-28 21:46:20.556
cmoj21o5038omqo0fgdgjpgri,BANNED-PenTest User,USAGE,Export: PDF,-1,2026-04-28 21:46:22.636
cmoj21o5038omqo0fgdgjpgri,BANNED-PenTest User,USAGE,Export: TIFF,-1,2026-04-28 21:46:56.578
cmoj21o5038omqo0fgdgjpgri,BANNED-PenTest User,USAGE,Export: TIFF,-1,2026-04-28 21:49:24.358
cmoj21o5038omqo0fgdgjpgri,BANNED-PenTest User,USAGE,Export: TIFF,-1,2026-04-28 21:50:04.924
cmoj21o5038omqo0fgdgjpgri,BANNED-PenTest User,USAGE,Export: TIFF,-1,2026-04-28 21:50:08.949
cmoj21o5038omqo0fgdgjpgri,BANNED-PenTest User,USAGE,Export: PDF,-1,2026-04-28 21:51:30.016
cmoj21o5038omqo0fgdgjpgri,BANNED-PenTest User,USAGE,Export: TIFF,-1,2026-04-28 21:52:06.201
cmoj21o5038omqo0fgdgjpgri,BANNED-PenTest User,USAGE,Export: PDF,-1,2026-04-28 21:52:09.256
cmoj21o5038omqo0fgdgjpgri,BANNED-PenTest User,USAGE,Export: TIFF,-1,2026-04-28 21:52:55.769
cmoj21o5038omqo0fgdgjpgri,BANNED-PenTest User,USAGE,"Export: TIFF, PDF",-2,2026-04-28 21:52:57.559
cmoj21o5038omqo0fgdgjpgri,BANNED-PenTest User,USAGE,Export: TIFF,-1,2026-04-28 21:53:37.192
cmoj21o5038omqo0fgdgjpgri,BANNED-PenTest User,USAGE,Export: PDF,-1,2026-04-28 21:53:42.908
cmoj21o5038omqo0fgdgjpgri,BANNED-PenTest User,USAGE,Export: TIFF,-1,2026-04-28 21:54:35.007
cmoj21o5038omqo0fgdgjpgri,BANNED-PenTest User,USAGE,Export: PDF,-1,2026-04-28 21:54:40.147
cmoj21o5038omqo0fgdgjpgri,BANNED-PenTest User,USAGE,Export: TIFF,-1,2026-04-28 21:55:21.769
cmoj21o5038omqo0fgdgjpgri,BANNED-PenTest User,USAGE,Export: TIFF,-1,2026-04-28 21:55:23.755
cmoj21o5038omqo0fgdgjpgri,BANNED-PenTest User,USAGE,Export: TIFF,-1,2026-04-28 21:55:25.73
cmoj21o5038omqo0fgdgjpgri,BANNED-PenTest User,USAGE,Export: TIFF,-1,2026-04-28 21:56:29.177
cmoj21o5038omqo0fgdgjpgri,BANNED-PenTest User,USAGE,Export: TIFF,-1,2026-04-28 21:56:31.278
cmoj21o5038omqo0fgdgjpgri,BANNED-PenTest User,USAGE,Export: TIFF,-1,2026-04-28 21:57:13.788
cmoj21o5038omqo0fgdgjpgri,BANNED-PenTest User,USAGE,Export: TIFF,-1,2026-04-28 21:57:15.804
cmoj21o5038omqo0fgdgjpgri,BANNED-PenTest User,USAGE,Export: TIFF,-1,2026-04-28 21:58:21.1
cmoj21o5038omqo0fgdgjpgri,BANNED-PenTest User,USAGE,Export: TIFF,-1,2026-04-28 21:59:12.638
cmoj21o5038omqo0fgdgjpgri,BANNED-PenTest User,USAGE,Export: TIFF,-1,2026-04-28 21:59:14.313
cmoj21o5038omqo0fgdgjpgri,BANNED-PenTest User,USAGE,Export: TIFF,-1,2026-04-28 21:59:15.926
cmoj21o5038omqo0fgdgjpgri,BANNED-PenTest User,USAGE,Export: PDF,-1,2026-04-28 22:01:48.308
cmoj21o5038omqo0fgdgjpgri,BANNED-PenTest User,USAGE,Export: PDF,-1,2026-04-28 22:02:30.596
cmoj21o5038omqo0fgdgjpgri,BANNED-PenTest User,USAGE,Export: TIFF,-1,2026-04-28 22:03:02.157
cmoj21o5038omqo0fgdgjpgri,BANNED-PenTest User,USAGE,Export: TIFF,-1,2026-04-28 22:03:44.381
cmoj21o5038omqo0fgdgjpgri,BANNED-PenTest User,USAGE,Export: TIFF,-1,2026-04-28 22:03:46.38
cmoj21o5038omqo0fgdgjpgri,BANNED-PenTest User,USAGE,Export: TIFF,-1,2026-04-28 22:03:48.306
cmoj21o5038omqo0fgdgjpgri,BANNED-PenTest User,USAGE,Export: TIFF,-1,2026-04-28 22:03:50.22
cmoj21o5038omqo0fgdgjpgri,BANNED-PenTest User,USAGE,Export: TIFF,-1,2026-04-28 22:03:52.163
cmoj21o5038omqo0fgdgjpgri,BANNED-PenTest User,USAGE,Export: TIFF,-1,2026-04-28 22:03:54.059
cmoj21o5038omqo0fgdgjpgri,BANNED-PenTest User,USAGE,Export: TIFF,-1,2026-04-28 22:03:55.912
cmoj21o5038omqo0fgdgjpgri,BANNED-PenTest User,USAGE,Export: TIFF,-1,2026-04-28 22:03:57.796
cmoj21o5038omqo0fgdgjpgri,BANNED-PenTest User,USAGE,Export: TIFF,-1,2026-04-28 22:03:59.667
cmoj21o5038omqo0fgdgjpgri,BANNED-PenTest User,USAGE,Export: TIFF,-1,2026-04-28 22:04:01.583
cmoj21o5038omqo0fgdgjpgri,BANNED-PenTest User,USAGE,Export: TIFF,-1,2026-04-28 22:04:03.442
cmoj21o5038omqo0fgdgjpgri,BANNED-PenTest User,USAGE,Export: PSD,-3,2026-04-28 22:04:31.377
cmoj21o5038omqo0fgdgjpgri,BANNED-PenTest User,USAGE,Export: PSD,-3,2026-04-28 22:04:33.39
cmoj21o5038omqo0fgdgjpgri,BANNED-PenTest User,USAGE,Export: PSD,-3,2026-04-28 22:04:35.402
cmoj21o5038omqo0fgdgjpgri,BANNED-PenTest User,USAGE,Export: PSD,-3,2026-04-28 22:04:38.256
cmoj21o5038omqo0fgdgjpgri,BANNED-PenTest User,USAGE,Export: PSD,-3,2026-04-28 22:04:40.049
cmoj21o5038omqo0fgdgjpgri,BANNED-PenTest User,USAGE,Export: PSD,-3,2026-04-28 22:04:41.77
cmoj21o5038omqo0fgdgjpgri,BANNED-PenTest User,USAGE,Export: PSD,-3,2026-04-28 22:04:42.927
cmoj21o5038omqo0fgdgjpgri,BANNED-PenTest User,USAGE,Export: PSD,-3,2026-04-28 22:04:44.129
cmoj21o5038omqo0fgdgjpgri,BANNED-PenTest User,USAGE,Export: PSD,-3,2026-04-28 22:04:45.204
cmoj21o5038omqo0fgdgjpgri,BANNED-PenTest User,USAGE,Export: PSD,-3,2026-04-28 22:04:46.337
cmoj21o5038omqo0fgdgjpgri,BANNED-PenTest User,USAGE,Export: PSD,-3,2026-04-28 22:04:47.477
cmoj21o5038omqo0fgdgjpgri,BANNED-PenTest User,USAGE,Export: PSD,-3,2026-04-28 22:04:48.643
cmoj21o5038omqo0fgdgjpgri,BANNED-PenTest User,USAGE,Export: PSD,-3,2026-04-28 22:04:49.845
cmoj21o5038omqo0fgdgjpgri,BANNED-PenTest User,USAGE,Export: TIFF,-1,2026-04-28 22:05:35.385
cmoj21o5038omqo0fgdgjpgri,BANNED-PenTest User,USAGE,Export: TIFF,-1,2026-04-28 22:05:36.139
cmoj21o5038omqo0fgdgjpgri,BANNED-PenTest User,USAGE,Export: TIFF,-1,2026-04-28 22:06:22.551
cmoj21o5038omqo0fgdgjpgri,BANNED-PenTest User,USAGE,Export: TIFF,-1,2026-04-28 22:06:24.966
cmoj21o5038omqo0fgdgjpgri,BANNED-PenTest User,USAGE,Export: TIFF,-1,2026-04-28 22:06:26.082
cmoj21o5038omqo0fgdgjpgri,BANNED-PenTest User,USAGE,Export: TIFF,-1,2026-04-28 22:06:27.182
cmoj21o5038omqo0fgdgjpgri,BANNED-PenTest User,USAGE,Export: TIFF,-1,2026-04-28 22:06:28.4
cmoj21o5038omqo0fgdgjpgri,BANNED-PenTest User,USAGE,Export: TIFF,-1,2026-04-28 22:07:15.363
cmoj21o5038omqo0fgdgjpgri,BANNED-PenTest User,USAGE,Export: TIFF,-1,2026-04-28 22:07:16.062
cmoj21o5038omqo0fgdgjpgri,BANNED-PenTest User,USAGE,Export: TIFF,-1,2026-04-28 22:08:53.007
cmoj21o5038omqo0fgdgjpgri,BANNED-PenTest User,USAGE,Export Full Pack (3 formats),-4,2026-04-28 22:08:53.807
cmoj21o5038omqo0fgdgjpgri,BANNED-PenTest User,USAGE,Export: TIFF,-1,2026-04-28 22:10:55.216
cmoj21o5038omqo0fgdgjpgri,BANNED-PenTest User,USAGE,Export: TIFF,-1,2026-04-28 22:10:56.538
cmoj21o5038omqo0fgdgjpgri,BANNED-PenTest User,USAGE,Export: TIFF,-1,2026-04-28 22:10:57.5
cmoj21o5038omqo0fgdgjpgri,BANNED-PenTest User,USAGE,Export: TIFF,-1,2026-04-28 22:10:58.459
cmoj21o5038omqo0fgdgjpgri,BANNED-PenTest User,USAGE,Export: TIFF,-1,2026-04-28 22:10:59.356
cmoj21o5038omqo0fgdgjpgri,BANNED-PenTest User,USAGE,Export: TIFF,-1,2026-04-28 22:11:00.304
cmoj21o5038omqo0fgdgjpgri,BANNED-PenTest User,USAGE,Export: TIFF,-1,2026-04-28 22:11:01.243
cmoj21o5038omqo0fgdgjpgri,BANNED-PenTest User,USAGE,Export: TIFF,-1,2026-04-28 22:11:02.351
cmoj21o5038omqo0fgdgjpgri,BANNED-PenTest User,USAGE,Export: TIFF,-1,2026-04-28 22:11:03.257
cmoj21o5038omqo0fgdgjpgri,BANNED-PenTest User,USAGE,Export: TIFF,-1,2026-04-28 22:11:04.156
cmoj21o5038omqo0fgdgjpgri,BANNED-PenTest User,USAGE,Export: TIFF,-1,2026-04-28 22:11:05.111
cmoj21o5038omqo0fgdgjpgri,BANNED-PenTest User,USAGE,Export: TIFF,-1,2026-04-28 22:11:06.047
cmoj21o5038omqo0fgdgjpgri,BANNED-PenTest User,USAGE,Export: TIFF,-1,2026-04-28 22:11:06.987
cmoj21o5038omqo0fgdgjpgri,BANNED-PenTest User,USAGE,Export: TIFF,-1,2026-04-28 22:12:06.045
cmoj21o5038omqo0fgdgjpgri,BANNED-PenTest User,USAGE,Export: TIFF,-1,2026-04-28 22:12:35.306
cmoj21o5038omqo0fgdgjpgri,BANNED-PenTest User,USAGE,Export: TIFF,-1,2026-04-28 22:12:36.077
cmoj21o5038omqo0fgdgjpgri,BANNED-PenTest User,USAGE,Export: TIFF,-1,2026-04-28 22:12:36.856
cmoj21o5038omqo0fgdgjpgri,BANNED-PenTest User,USAGE,Export: TIFF,-1,2026-04-28 22:12:56.626
cmoj21o5038omqo0fgdgjpgri,BANNED-PenTest User,USAGE,Export: TIFF,-1,2026-04-28 22:13:26.18
cmoj21o5038omqo0fgdgjpgri,BANNED-PenTest User,USAGE,Export: TIFF,-1,2026-04-28 22:14:15.161
cmoj21o5038omqo0fgdgjpgri,BANNED-PenTest User,USAGE,Export: TIFF,-1,2026-04-28 22:14:18.484
cmoj21o5038omqo0fgdgjpgri,BANNED-PenTest User,USAGE,Export: TIFF,-1,2026-04-28 22:14:19.313
cmoj21o5038omqo0fgdgjpgri,BANNED-PenTest User,USAGE,Export: PDF,-1,2026-04-28 22:15:06.205
cmoj21o5038omqo0fgdgjpgri,BANNED-PenTest User,USAGE,Export: PDF,-1,2026-04-28 22:15:08.354
cmoj21o5038omqo0fgdgjpgri,BANNED-PenTest User,USAGE,Export: PDF,-1,2026-04-28 22:15:12.065
cmoj21o5038omqo0fgdgjpgri,BANNED-PenTest User,USAGE,Export: TIFF,-1,2026-04-28 22:16:00.491
cmoj21o5038omqo0fgdgjpgri,BANNED-PenTest User,USAGE,Export: TIFF,-1,2026-04-28 22:16:01.491
cmoj21o5038omqo0fgdgjpgri,BANNED-PenTest User,USAGE,Export: PDF,-1,2026-04-28 22:16:05.908
cmoj21o5038omqo0fgdgjpgri,BANNED-PenTest User,USAGE,Export: TIFF,-1,2026-04-28 22:16:06.655
cmoj21o5038omqo0fgdgjpgri,BANNED-PenTest User,USAGE,Export: TIFF,-1,2026-04-28 22:17:41.228
cmoj21o5038omqo0fgdgjpgri,BANNED-PenTest User,USAGE,Export: TIFF,-1,2026-04-28 22:17:42.888
cmoj21o5038omqo0fgdgjpgri,BANNED-PenTest User,USAGE,Export: TIFF,-1,2026-04-28 22:17:43.701
cmoj21o5038omqo0fgdgjpgri,BANNED-PenTest User,USAGE,Export: TIFF,-1,2026-04-28 22:18:36.022
cmoj21o5038omqo0fgdgjpgri,BANNED-PenTest User,USAGE,Export: TIFF,-1,2026-04-28 22:18:36.805
cmoj21o5038omqo0fgdgjpgri,BANNED-PenTest User,USAGE,Export: PDF,-1,2026-04-28 22:19:25.847
cmoj21o5038omqo0fgdgjpgri,BANNED-PenTest User,USAGE,Export: TIFF,-1,2026-04-28 22:19:26.681
cmoj21o5038omqo0fgdgjpgri,BANNED-PenTest User,USAGE,Export: PDF,-1,2026-04-28 22:19:57.578
cmoj21o5038omqo0fgdgjpgri,BANNED-PenTest User,USAGE,Export: TIFF,-1,2026-04-28 22:19:58.502
cmoj21o5038omqo0fgdgjpgri,BANNED-PenTest User,USAGE,Export: TIFF,-1,2026-04-28 22:20:26.251
cmoj21o5038omqo0fgdgjpgri,BANNED-PenTest User,USAGE,Export: TIFF,-1,2026-04-28 22:21:03.95
cmoj21o5038omqo0fgdgjpgri,BANNED-PenTest User,USAGE,Export: TIFF,-1,2026-04-28 22:21:04.746
cmoj21o5038omqo0fgdgjpgri,BANNED-PenTest User,USAGE,Export: TIFF,-1,2026-04-28 22:21:06.597
cmoj21o5038omqo0fgdgjpgri,BANNED-PenTest User,USAGE,Export: TIFF,-1,2026-04-28 22:21:31.419
cmoj21o5038omqo0fgdgjpgri,BANNED-PenTest User,USAGE,Export: TIFF,-1,2026-04-28 22:21:32.27
cmoj21o5038omqo0fgdgjpgri,BANNED-PenTest User,USAGE,Export: TIFF,-1,2026-04-28 22:22:36.173
cmoj21o5038omqo0fgdgjpgri,BANNED-PenTest User,USAGE,Export: TIFF,-1,2026-04-28 22:22:37.01
cmoj21o5038omqo0fgdgjpgri,BANNED-PenTest User,USAGE,Export: TIFF,-1,2026-04-28 22:22:37.838
cmoj21o5038omqo0fgdgjpgri,BANNED-PenTest User,USAGE,Export: TIFF,-1,2026-04-28 22:23:20.174
cmoj21o5038omqo0fgdgjpgri,BANNED-PenTest User,USAGE,Export: TIFF,-1,2026-04-28 22:23:21.071
cmoj21o5038omqo0fgdgjpgri,BANNED-PenTest User,USAGE,Export: TIFF,-1,2026-04-28 22:23:22.749
cmoj21o5038omqo0fgdgjpgri,BANNED-PenTest User,USAGE,Export: TIFF,-1,2026-04-28 22:23:54.143
cmoj21o5038omqo0fgdgjpgri,BANNED-PenTest User,USAGE,Export: TIFF,-1,2026-04-28 22:23:55.707
cmoj21o5038omqo0fgdgjpgri,BANNED-PenTest User,USAGE,Export: TIFF,-1,2026-04-28 22:23:56.428
cmoj21o5038omqo0fgdgjpgri,BANNED-PenTest User,USAGE,Export: TIFF,-1,2026-04-28 22:23:57.119
cmoj21o5038omqo0fgdgjpgri,BANNED-PenTest User,USAGE,Export: TIFF,-1,2026-04-28 22:24:16.497
cmoj21o5038omqo0fgdgjpgri,BANNED-PenTest User,USAGE,Export: TIFF,-1,2026-04-28 22:24:17.34
cmoj21o5038omqo0fgdgjpgri,BANNED-PenTest User,USAGE,Export: TIFF,-1,2026-04-28 22:24:52.157
cmoj21o5038omqo0fgdgjpgri,BANNED-PenTest User,USAGE,Export: TIFF,-1,2026-04-28 22:25:01.562
cmoj21o5038omqo0fgdgjpgri,BANNED-PenTest User,USAGE,Export: TIFF,-1,2026-04-28 22:25:27.479
cmoj21o5038omqo0fgdgjpgri,BANNED-PenTest User,USAGE,Export: TIFF,-1,2026-04-28 22:25:28.27
cmoj21o5038omqo0fgdgjpgri,BANNED-PenTest User,USAGE,Export: TIFF,-1,2026-04-28 22:25:28.982
cmoj21o5038omqo0fgdgjpgri,BANNED-PenTest User,USAGE,Export: TIFF,-1,2026-04-28 22:25:29.617
cmoj21o5038omqo0fgdgjpgri,BANNED-PenTest User,USAGE,Export: TIFF,-1,2026-04-28 22:25:32.204
cmoj21o5038omqo0fgdgjpgri,BANNED-PenTest User,USAGE,Export: TIFF,-1,2026-04-28 22:25:57.171
cmoj21o5038omqo0fgdgjpgri,BANNED-PenTest User,USAGE,Export: TIFF,-1,2026-04-28 22:25:58.777
cmoj21o5038omqo0fgdgjpgri,BANNED-PenTest User,USAGE,Export: TIFF,-1,2026-04-28 22:26:00.607
cmoj21o5038omqo0fgdgjpgri,BANNED-PenTest User,USAGE,Export: TIFF,-1,2026-04-28 22:26:34.852
cmoj21o5038omqo0fgdgjpgri,BANNED-PenTest User,USAGE,Export: TIFF,-1,2026-04-28 22:26:36.408
cmoj21o5038omqo0fgdgjpgri,BANNED-PenTest User,USAGE,Export: TIFF,-1,2026-04-28 22:26:39.99
cmoj21o5038omqo0fgdgjpgri,BANNED-PenTest User,USAGE,Export: TIFF,-1,2026-04-28 22:27:19.647
cmoj21o5038omqo0fgdgjpgri,BANNED-PenTest User,USAGE,Export: TIFF,-1,2026-04-28 22:27:21.246
cmoj21o5038omqo0fgdgjpgri,BANNED-PenTest User,USAGE,Export: PDF,-1,2026-04-28 22:27:26.845
cmoj21o5038omqo0fgdgjpgri,BANNED-PenTest User,USAGE,Export: TIFF,-1,2026-04-28 22:28:04.066
cmoj21o5038omqo0fgdgjpgri,BANNED-PenTest User,USAGE,Export: TIFF,-1,2026-04-28 22:28:05.658
cmoj21o5038omqo0fgdgjpgri,BANNED-PenTest User,USAGE,Export: TIFF,-1,2026-04-28 22:28:11.303
cmoj21o5038omqo0fgdgjpgri,BANNED-PenTest User,USAGE,Export: TIFF,-1,2026-04-28 22:28:11.873
cmoj21o5038omqo0fgdgjpgri,BANNED-PenTest User,USAGE,Export: TIFF,-1,2026-04-28 22:28:50.404
cmoj21o5038omqo0fgdgjpgri,BANNED-PenTest User,USAGE,Export: TIFF,-1,2026-04-28 22:28:51.985
cmoj21o5038omqo0fgdgjpgri,BANNED-PenTest User,USAGE,Export: TIFF,-1,2026-04-28 22:29:52.415
cmoj21o5038omqo0fgdgjpgri,BANNED-PenTest User,USAGE,Export: TIFF,-1,2026-04-28 22:29:53.198
cmoj21o5038omqo0fgdgjpgri,BANNED-PenTest User,USAGE,Export: TIFF,-1,2026-04-28 22:29:54.774
cmoj21o5038omqo0fgdgjpgri,BANNED-PenTest User,USAGE,Export: TIFF,-1,2026-04-28 22:34:13.887
cmoj21o5038omqo0fgdgjpgri,BANNED-PenTest User,USAGE,Export: TIFF,-1,2026-04-28 22:34:49.535
cmoj21o5038omqo0fgdgjpgri,BANNED-PenTest User,USAGE,Export: TIFF,-1,2026-04-28 22:35:02.133
cmoj21o5038omqo0fgdgjpgri,BANNED-PenTest User,USAGE,Export: TIFF,-1,2026-04-28 22:35:51.501
cmoj21o5038omqo0fgdgjpgri,BANNED-PenTest User,USAGE,Export: TIFF,-1,2026-04-28 22:35:51.969
cmoj21o5038omqo0fgdgjpgri,BANNED-PenTest User,USAGE,Export: TIFF,-1,2026-04-28 22:36:23.899
cmoj21o5038omqo0fgdgjpgri,BANNED-PenTest User,USAGE,Export: TIFF,-1,2026-04-28 22:36:31.467
cmoj21o5038omqo0fgdgjpgri,BANNED-PenTest User,USAGE,Export: TIFF,-1,2026-04-28 22:36:58.833
cmoj21o5038omqo0fgdgjpgri,BANNED-PenTest User,USAGE,Export: TIFF,-1,2026-04-28 22:37:07.114
cmoj21o5038omqo0fgdgjpgri,BANNED-PenTest User,USAGE,Export: TIFF,-1,2026-04-28 22:37:56.358
cmoj21o5038omqo0fgdgjpgri,BANNED-PenTest User,USAGE,Export: TIFF,-1,2026-04-28 22:38:46.903
cmoj21o5038omqo0fgdgjpgri,BANNED-PenTest User,USAGE,Export: TIFF,-1,2026-04-28 22:38:58.794
cmoj21o5038omqo0fgdgjpgri,BANNED-PenTest User,USAGE,Export: TIFF,-1,2026-04-28 22:38:59.205
cmoj21o5038omqo0fgdgjpgri,BANNED-PenTest User,USAGE,Export: TIFF,-1,2026-04-28 22:39:38.111
cmoj21o5038omqo0fgdgjpgri,BANNED-PenTest User,USAGE,Export: TIFF,-1,2026-04-28 22:39:53.814
cmoj21o5038omqo0fgdgjpgri,BANNED-PenTest User,USAGE,Export: TIFF,-1,2026-04-28 22:40:03.751
cmoj21o5038omqo0fgdgjpgri,BANNED-PenTest User,USAGE,Export: TIFF,-1,2026-04-28 22:42:21.082
cmoj21o5038omqo0fgdgjpgri,BANNED-PenTest User,USAGE,Export: TIFF,-1,2026-04-28 22:42:21.597
cmoj21o5038omqo0fgdgjpgri,BANNED-PenTest User,USAGE,Export: TIFF,-1,2026-04-28 22:44:33.816
cmoj21o5038omqo0fgdgjpgri,BANNED-PenTest User,USAGE,Export: TIFF,-1,2026-04-28 22:44:46.754
cmoj21o5038omqo0fgdgjpgri,BANNED-PenTest User,USAGE,Export: TIFF,-1,2026-04-28 22:44:47.268
cmoj21o5038omqo0fgdgjpgri,BANNED-PenTest User,USAGE,Export: TIFF,-1,2026-04-28 22:45:59.049
cmoj21o5038omqo0fgdgjpgri,BANNED-PenTest User,USAGE,"Export: TIFF, PDF",-2,2026-04-28 22:47:42.183
cmoj21o5038omqo0fgdgjpgri,BANNED-PenTest User,USAGE,Export: PDF,-1,2026-04-28 22:48:18.631
cmoj21o5038omqo0fgdgjpgri,BANNED-PenTest User,USAGE,Export: TIFF,-1,2026-04-28 22:48:19.299
cmoj21o5038omqo0fgdgjpgri,BANNED-PenTest User,USAGE,Export: TIFF,-1,2026-04-28 22:48:19.859
cmoj21o5038omqo0fgdgjpgri,BANNED-PenTest User,USAGE,Export: TIFF,-1,2026-04-28 22:48:20.449
cmoj21o5038omqo0fgdgjpgri,BANNED-PenTest User,USAGE,Export: TIFF,-1,2026-04-28 22:48:20.979
cmoj21o5038omqo0fgdgjpgri,BANNED-PenTest User,USAGE,Export: TIFF,-1,2026-04-28 22:48:21.504
cmoj21o5038omqo0fgdgjpgri,BANNED-PenTest User,USAGE,Export: TIFF,-1,2026-04-28 22:48:22.077
cmoj21o5038omqo0fgdgjpgri,BANNED-PenTest User,USAGE,Export: PDF,-1,2026-04-28 22:49:19.375
cmoj21o5038omqo0fgdgjpgri,BANNED-PenTest User,USAGE,Export: PDF,-1,2026-04-28 22:49:20.036
cmoj21o5038omqo0fgdgjpgri,BANNED-PenTest User,USAGE,Export: PDF,-1,2026-04-28 22:49:55.396
cmoj21o5038omqo0fgdgjpgri,BANNED-PenTest User,USAGE,Export: PDF,-1,2026-04-28 22:49:55.879
cmoj21o5038omqo0fgdgjpgri,BANNED-PenTest User,USAGE,Export: PDF,-1,2026-04-28 22:50:38.243
cmoj21o5038omqo0fgdgjpgri,BANNED-PenTest User,USAGE,Export: PDF,-1,2026-04-28 22:50:39.509
cmoj21o5038omqo0fgdgjpgri,BANNED-PenTest User,USAGE,Export: PDF,-1,2026-04-28 22:50:40.792
cmoj21o5038omqo0fgdgjpgri,BANNED-PenTest User,USAGE,Export: PDF,-1,2026-04-28 22:50:41.986
cmoj21o5038omqo0fgdgjpgri,BANNED-PenTest User,USAGE,Export: PDF,-1,2026-04-28 22:50:43.298
cmoj21o5038omqo0fgdgjpgri,BANNED-PenTest User,USAGE,Export: PDF,-1,2026-04-28 22:51:21.897
cmoj21o5038omqo0fgdgjpgri,BANNED-PenTest User,USAGE,Export: PDF,-1,2026-04-28 22:51:22.639
cmoj21o5038omqo0fgdgjpgri,BANNED-PenTest User,USAGE,Export: PDF,-1,2026-04-28 22:52:15.491
cmoj21o5038omqo0fgdgjpgri,BANNED-PenTest User,USAGE,Export: TIFF,-1,2026-04-28 22:52:16.132
cmoj21o5038omqo0fgdgjpgri,BANNED-PenTest User,USAGE,Export: TIFF,-1,2026-04-28 22:52:16.681
cmoj21o5038omqo0fgdgjpgri,BANNED-PenTest User,USAGE,Export: TIFF,-1,2026-04-28 22:52:17.195
cmoj21o5038omqo0fgdgjpgri,BANNED-PenTest User,USAGE,Export: TIFF,-1,2026-04-28 22:52:17.719
cmoj21o5038omqo0fgdgjpgri,BANNED-PenTest User,USAGE,Export: TIFF,-1,2026-04-28 22:52:18.242
cmoj21o5038omqo0fgdgjpgri,BANNED-PenTest User,USAGE,Export: TIFF,-1,2026-04-28 22:52:18.677
cmoj21o5038omqo0fgdgjpgri,BANNED-PenTest User,USAGE,Export: TIFF,-1,2026-04-28 22:52:19.196
cmoj21o5038omqo0fgdgjpgri,BANNED-PenTest User,USAGE,Export: TIFF,-1,2026-04-28 22:52:19.618
cmoj21o5038omqo0fgdgjpgri,BANNED-PenTest User,USAGE,Export: TIFF,-1,2026-04-28 22:52:20.113
cmoj21o5038omqo0fgdgjpgri,BANNED-PenTest User,USAGE,Export: PDF,-1,2026-04-28 22:52:52.989
cmoj21o5038omqo0fgdgjpgri,BANNED-PenTest User,USAGE,Export: PDF,-1,2026-04-28 22:52:53.522
cmoj21o5038omqo0fgdgjpgri,BANNED-PenTest User,USAGE,Export: PDF,-1,2026-04-28 22:52:54.087
cmoj21o5038omqo0fgdgjpgri,BANNED-PenTest User,USAGE,Export: PDF,-1,2026-04-28 22:52:54.626
cmoj21o5038omqo0fgdgjpgri,BANNED-PenTest User,USAGE,Export: PDF,-1,2026-04-28 22:52:55.148
cmoj21o5038omqo0fgdgjpgri,BANNED-PenTest User,USAGE,Export: PDF,-1,2026-04-28 22:52:55.688
cmoj21o5038omqo0fgdgjpgri,BANNED-PenTest User,USAGE,Export: TIFF,-1,2026-04-28 22:53:26.179
cmoj21o5038omqo0fgdgjpgri,BANNED-PenTest User,USAGE,Export: TIFF,-1,2026-04-28 22:53:26.785
cmoj21o5038omqo0fgdgjpgri,BANNED-PenTest User,USAGE,Export: TIFF,-1,2026-04-28 22:53:27.388
cmoj21o5038omqo0fgdgjpgri,BANNED-PenTest User,USAGE,Export: TIFF,-1,2026-04-28 22:53:27.903
cmoj21o5038omqo0fgdgjpgri,BANNED-PenTest User,USAGE,Export: TIFF,-1,2026-04-28 22:53:28.516
cmoj21o5038omqo0fgdgjpgri,BANNED-PenTest User,USAGE,Export: PDF,-1,2026-04-28 22:54:05.324
cmoj21o5038omqo0fgdgjpgri,BANNED-PenTest User,USAGE,Export: TIFF,-1,2026-04-28 22:55:39.401
cmoj21o5038omqo0fgdgjpgri,BANNED-PenTest User,USAGE,Export: TIFF,-1,2026-04-28 22:59:51.32
cmoj21o5038omqo0fgdgjpgri,BANNED-PenTest User,USAGE,Export: TIFF,-1,2026-04-28 23:00:52.095
cmoj21o5038omqo0fgdgjpgri,BANNED-PenTest User,USAGE,Export: TIFF,-1,2026-04-28 23:00:52.767
cmoj21o5038omqo0fgdgjpgri,BANNED-PenTest User,USAGE,Export: TIFF,-1,2026-04-28 23:01:08.293
cmoj21o5038omqo0fgdgjpgri,BANNED-PenTest User,USAGE,Export: TIFF,-1,2026-04-28 23:01:23.61
cmoj21o5038omqo0fgdgjpgri,BANNED-PenTest User,USAGE,Export: TIFF,-1,2026-04-28 23:01:24.298
cmoj21o5038omqo0fgdgjpgri,BANNED-PenTest User,USAGE,Export: TIFF,-1,2026-04-28 23:02:25.914
cmoj21o5038omqo0fgdgjpgri,BANNED-PenTest User,USAGE,Export: TIFF,-1,2026-04-28 23:02:57.339
cmoj21o5038omqo0fgdgjpgri,BANNED-PenTest User,USAGE,Export: PDF,-1,2026-04-28 23:03:26.905
cmoj21o5038omqo0fgdgjpgri,BANNED-PenTest User,USAGE,Export: TIFF,-1,2026-04-28 23:03:28.731
cmoj21o5038omqo0fgdgjpgri,BANNED-PenTest User,USAGE,Export: TIFF,-1,2026-04-28 23:04:06.65
cmoj21o5038omqo0fgdgjpgri,BANNED-PenTest User,USAGE,Export: PDF,-1,2026-04-28 23:04:20.604
cmoj21o5038omqo0fgdgjpgri,BANNED-PenTest User,USAGE,Export: TIFF,-1,2026-04-28 23:04:49.28
cmoj21o5038omqo0fgdgjpgri,BANNED-PenTest User,USAGE,Export: TIFF,-1,2026-04-28 23:05:00.387
cmoj21o5038omqo0fgdgjpgri,BANNED-PenTest User,USAGE,Export: TIFF,-1,2026-04-28 23:05:01.241
cmoj21o5038omqo0fgdgjpgri,BANNED-PenTest User,USAGE,Export: TIFF,-1,2026-04-28 23:05:35.253
cmoj21o5038omqo0fgdgjpgri,BANNED-PenTest User,USAGE,Export: PDF,-1,2026-04-28 23:05:46.681
cmoj21o5038omqo0fgdgjpgri,BANNED-PenTest User,USAGE,Export: TIFF,-1,2026-04-28 23:06:25.963
cmoj21o5038omqo0fgdgjpgri,BANNED-PenTest User,USAGE,Export: TIFF,-1,2026-04-28 23:06:59.623
cmoj21o5038omqo0fgdgjpgri,BANNED-PenTest User,USAGE,Export: PDF,-1,2026-04-28 23:07:14.589
cmoj21o5038omqo0fgdgjpgri,BANNED-PenTest User,USAGE,Export: TIFF,-1,2026-04-28 23:07:53.813
cmoj21o5038omqo0fgdgjpgri,BANNED-PenTest User,USAGE,Export: TIFF,-1,2026-04-28 23:09:09.467
cmoj21o5038omqo0fgdgjpgri,BANNED-PenTest User,USAGE,Export: TIFF,-1,2026-04-28 23:09:55.464
cmoj21o5038omqo0fgdgjpgri,BANNED-PenTest User,USAGE,Export: TIFF,-1,2026-04-28 23:10:35.124
cmoj21o5038omqo0fgdgjpgri,BANNED-PenTest User,USAGE,Export: PDF,-1,2026-04-28 23:10:52.693
cmoj21o5038omqo0fgdgjpgri,BANNED-PenTest User,USAGE,Export: TIFF,-1,2026-04-28 23:11:29.687
cmoj21o5038omqo0fgdgjpgri,BANNED-PenTest User,USAGE,Export: TIFF,-1,2026-04-28 23:11:50.148
cmoj21o5038omqo0fgdgjpgri,BANNED-PenTest User,USAGE,Export: TIFF,-1,2026-04-28 23:13:00.38
cmoj21o5038omqo0fgdgjpgri,BANNED-PenTest User,USAGE,Export: TIFF,-1,2026-04-28 23:15:40.462
cmoj21o5038omqo0fgdgjpgri,BANNED-PenTest User,USAGE,Export: PDF,-1,2026-04-28 23:15:43.052
cmoj21o5038omqo0fgdgjpgri,BANNED-PenTest User,USAGE,Export: PDF,-1,2026-04-28 23:15:45.646
cmoj21o5038omqo0fgdgjpgri,BANNED-PenTest User,USAGE,Export: PDF,-1,2026-04-28 23:15:48.149
cmoj21o5038omqo0fgdgjpgri,BANNED-PenTest User,USAGE,Export: PDF,-1,2026-04-28 23:15:50.73
cmoj21o5038omqo0fgdgjpgri,BANNED-PenTest User,USAGE,Export: PDF,-1,2026-04-28 23:15:54.695
cmoj21o5038omqo0fgdgjpgri,BANNED-PenTest User,USAGE,Export: PDF,-1,2026-04-28 23:15:59.861
cmoj21o5038omqo0fgdgjpgri,BANNED-PenTest User,USAGE,Export: PDF,-1,2026-04-28 23:16:41.803
cmoj21o5038omqo0fgdgjpgri,BANNED-PenTest User,USAGE,Export: PDF,-1,2026-04-28 23:17:27.727
cmoj21o5038omqo0fgdgjpgri,BANNED-PenTest User,USAGE,Export: PDF,-1,2026-04-28 23:17:55.339
cmoj21o5038omqo0fgdgjpgri,BANNED-PenTest User,USAGE,Export: PDF,-1,2026-04-28 23:17:57.1
cmoj21o5038omqo0fgdgjpgri,BANNED-PenTest User,USAGE,Export: PDF,-1,2026-04-28 23:18:22.701
cmoj21o5038omqo0fgdgjpgri,BANNED-PenTest User,USAGE,Export: PDF,-1,2026-04-28 23:18:24.767
cmoj21o5038omqo0fgdgjpgri,BANNED-PenTest User,USAGE,Export: TIFF,-1,2026-04-28 23:19:26.414
cmoj21o5038omqo0fgdgjpgri,BANNED-PenTest User,USAGE,Export: TIFF,-1,2026-04-28 23:19:28.945
cmoj21o5038omqo0fgdgjpgri,BANNED-PenTest User,USAGE,Export: TIFF,-1,2026-04-28 23:19:29.784
cmoj21o5038omqo0fgdgjpgri,BANNED-PenTest User,USAGE,Export: TIFF,-1,2026-04-28 23:19:30.514
cmoj21o5038omqo0fgdgjpgri,BANNED-PenTest User,USAGE,Export: TIFF,-1,2026-04-28 23:19:31.338
cmoj21o5038omqo0fgdgjpgri,BANNED-PenTest User,USAGE,Export: TIFF,-1,2026-04-28 23:19:32.125
cmoj21o5038omqo0fgdgjpgri,BANNED-PenTest User,USAGE,Export: TIFF,-1,2026-04-28 23:19:32.861
cmoj21o5038omqo0fgdgjpgri,BANNED-PenTest User,USAGE,Export: TIFF,-1,2026-04-28 23:20:21.42
cmoj21o5038omqo0fgdgjpgri,BANNED-PenTest User,USAGE,Export: TIFF,-1,2026-04-28 23:20:22.29
cmoj21o5038omqo0fgdgjpgri,BANNED-PenTest User,USAGE,Export: TIFF,-1,2026-04-28 23:20:23.068
cmoj21o5038omqo0fgdgjpgri,BANNED-PenTest User,USAGE,Export: TIFF,-1,2026-04-28 23:20:23.869
cmoj21o5038omqo0fgdgjpgri,BANNED-PenTest User,USAGE,Export: TIFF,-1,2026-04-28 23:20:24.658
cmoj21o5038omqo0fgdgjpgri,BANNED-PenTest User,USAGE,Export: TIFF,-1,2026-04-28 23:20:25.374
cmoj21o5038omqo0fgdgjpgri,BANNED-PenTest User,USAGE,Export: TIFF,-1,2026-04-28 23:20:26.192
cmoj21o5038omqo0fgdgjpgri,BANNED-PenTest User,USAGE,Export: TIFF,-1,2026-04-28 23:20:27.019
cmoj21o5038omqo0fgdgjpgri,BANNED-PenTest User,USAGE,Export: TIFF,-1,2026-04-28 23:20:27.885
cmoj21o5038omqo0fgdgjpgri,BANNED-PenTest User,USAGE,Export: TIFF,-1,2026-04-28 23:20:28.722
cmoj21o5038omqo0fgdgjpgri,BANNED-PenTest User,USAGE,Export: TIFF,-1,2026-04-28 23:21:42.561
cmoj21o5038omqo0fgdgjpgri,BANNED-PenTest User,USAGE,Export: TIFF,-1,2026-04-28 23:21:44.044
cmoj21o5038omqo0fgdgjpgri,BANNED-PenTest User,USAGE,Export: TIFF,-1,2026-04-28 23:21:45.568
cmoj21o5038omqo0fgdgjpgri,BANNED-PenTest User,USAGE,Export: TIFF,-1,2026-04-28 23:21:47.677
cmoj21o5038omqo0fgdgjpgri,BANNED-PenTest User,USAGE,Export: TIFF,-1,2026-04-28 23:21:49.58
cmoj21o5038omqo0fgdgjpgri,BANNED-PenTest User,USAGE,Export: TIFF,-1,2026-04-28 23:21:57.186
cmoj21o5038omqo0fgdgjpgri,BANNED-PenTest User,USAGE,Export: TIFF,-1,2026-04-28 23:22:02.002
cmoj21o5038omqo0fgdgjpgri,BANNED-PenTest User,USAGE,Export: TIFF,-1,2026-04-28 23:22:06.804
cmoj21o5038omqo0fgdgjpgri,BANNED-PenTest User,USAGE,Export: TIFF,-1,2026-04-28 23:24:10.73
cmoj21o5038omqo0fgdgjpgri,BANNED-PenTest User,USAGE,Export: TIFF,-1,2026-04-28 23:24:11.891
cmoj21o5038omqo0fgdgjpgri,BANNED-PenTest User,USAGE,Export: TIFF,-1,2026-04-28 23:24:13.818
cmoj21o5038omqo0fgdgjpgri,BANNED-PenTest User,USAGE,Export: TIFF,-1,2026-04-28 23:25:14.531
cmoj21o5038omqo0fgdgjpgri,BANNED-PenTest User,USAGE,Export: TIFF,-1,2026-04-28 23:25:15.183
cmoj21o5038omqo0fgdgjpgri,BANNED-PenTest User,USAGE,Export: TIFF,-1,2026-04-28 23:25:16.695
cmoj21o5038omqo0fgdgjpgri,BANNED-PenTest User,USAGE,Export: TIFF,-1,2026-04-28 23:25:17.437
cmoj21o5038omqo0fgdgjpgri,BANNED-PenTest User,USAGE,Export: TIFF,-1,2026-04-28 23:25:18.912
cmoj21o5038omqo0fgdgjpgri,BANNED-PenTest User,USAGE,Export: TIFF,-1,2026-04-28 23:25:20.404
cmoj21o5038omqo0fgdgjpgri,BANNED-PenTest User,USAGE,Export: TIFF,-1,2026-04-28 23:25:21.051
cmoj21o5038omqo0fgdgjpgri,BANNED-PenTest User,USAGE,Export: TIFF,-1,2026-04-28 23:26:13.754
cmoj21o5038omqo0fgdgjpgri,BANNED-PenTest User,USAGE,Export: TIFF,-1,2026-04-28 23:27:37.021
cmoj21o5038omqo0fgdgjpgri,BANNED-PenTest User,USAGE,Export: TIFF,-1,2026-04-28 23:27:37.624
cmoj21o5038omqo0fgdgjpgri,BANNED-PenTest User,USAGE,Export: TIFF,-1,2026-04-28 23:28:45.86
cmoj21o5038omqo0fgdgjpgri,BANNED-PenTest User,USAGE,Export: TIFF,-1,2026-04-28 23:28:46.596
cmoj21o5038omqo0fgdgjpgri,BANNED-PenTest User,USAGE,Export: TIFF,-1,2026-04-28 23:28:48.087
cmoj21o5038omqo0fgdgjpgri,BANNED-PenTest User,USAGE,Export: TIFF,-1,2026-04-28 23:28:48.813
cmoj21o5038omqo0fgdgjpgri,BANNED-PenTest User,USAGE,Export: TIFF,-1,2026-04-28 23:28:50.294
cmoj21o5038omqo0fgdgjpgri,BANNED-PenTest User,USAGE,Export: TIFF,-1,2026-04-28 23:28:51.051
cmoj21o5038omqo0fgdgjpgri,BANNED-PenTest User,USAGE,Export: TIFF,-1,2026-04-28 23:28:52.53
cmoj21o5038omqo0fgdgjpgri,BANNED-PenTest User,USAGE,Export: TIFF,-1,2026-04-28 23:28:53.237
cmoj21o5038omqo0fgdgjpgri,BANNED-PenTest User,USAGE,Export: TIFF,-1,2026-04-28 23:28:54.755
cmoj21o5038omqo0fgdgjpgri,BANNED-PenTest User,USAGE,Export: TIFF,-1,2026-04-28 23:28:55.465
cmoj21o5038omqo0fgdgjpgri,BANNED-PenTest User,USAGE,Export: TIFF,-1,2026-04-28 23:31:07.298
cmoj21o5038omqo0fgdgjpgri,BANNED-PenTest User,USAGE,Export: TIFF,-1,2026-04-28 23:31:07.884
cmoj21o5038omqo0fgdgjpgri,BANNED-PenTest User,USAGE,Export: TIFF,-1,2026-04-28 23:31:09.364
cmoj21o5038omqo0fgdgjpgri,BANNED-PenTest User,USAGE,Export: TIFF,-1,2026-04-28 23:31:10.838
cmoj21o5038omqo0fgdgjpgri,BANNED-PenTest User,USAGE,Export: TIFF,-1,2026-04-28 23:31:12.253
cmoj21o5038omqo0fgdgjpgri,BANNED-PenTest User,USAGE,Export: TIFF,-1,2026-04-28 23:31:13.751
cmoj21o5038omqo0fgdgjpgri,BANNED-PenTest User,USAGE,Export: TIFF,-1,2026-04-28 23:31:20.901
cmoj21o5038omqo0fgdgjpgri,BANNED-PenTest User,USAGE,Export: TIFF,-1,2026-04-28 23:32:31.025
cmoj21o5038omqo0fgdgjpgri,BANNED-PenTest User,USAGE,Export: TIFF,-1,2026-04-28 23:32:31.493
cmoj21o5038omqo0fgdgjpgri,BANNED-PenTest User,USAGE,Export: TIFF,-1,2026-04-28 23:32:32.981
cmoj21o5038omqo0fgdgjpgri,BANNED-PenTest User,USAGE,Export: TIFF,-1,2026-04-28 23:32:33.445
cmoj21o5038omqo0fgdgjpgri,BANNED-PenTest User,USAGE,Export: TIFF,-1,2026-04-28 23:32:33.909
cmoj21o5038omqo0fgdgjpgri,BANNED-PenTest User,USAGE,Export: TIFF,-1,2026-04-28 23:33:05.784
cmoj21o5038omqo0fgdgjpgri,BANNED-PenTest User,USAGE,Export: TIFF,-1,2026-04-28 23:33:06.223
cmoj21o5038omqo0fgdgjpgri,BANNED-PenTest User,USAGE,Export: TIFF,-1,2026-04-28 23:33:07.713
cmoj21o5038omqo0fgdgjpgri,BANNED-PenTest User,USAGE,Export: TIFF,-1,2026-04-28 23:33:08.184
cmoj21o5038omqo0fgdgjpgri,BANNED-PenTest User,USAGE,Export: TIFF,-1,2026-04-28 23:33:55.108
cmoj21o5038omqo0fgdgjpgri,BANNED-PenTest User,USAGE,Export: TIFF,-1,2026-04-28 23:33:55.76
cmoj21o5038omqo0fgdgjpgri,BANNED-PenTest User,USAGE,Export: TIFF,-1,2026-04-28 23:33:56.426
cmoj21o5038omqo0fgdgjpgri,BANNED-PenTest User,USAGE,Export: TIFF,-1,2026-04-28 23:33:57.075
cmoj21o5038omqo0fgdgjpgri,BANNED-PenTest User,USAGE,Export: TIFF,-1,2026-04-28 23:33:57.713
cmoj21o5038omqo0fgdgjpgri,BANNED-PenTest User,USAGE,Export: TIFF,-1,2026-04-28 23:33:58.371
cmoj21o5038omqo0fgdgjpgri,BANNED-PenTest User,USAGE,Export: TIFF,-1,2026-04-28 23:33:58.931
cmoj21o5038omqo0fgdgjpgri,BANNED-PenTest User,USAGE,Export: TIFF,-1,2026-04-28 23:33:59.562
cmoj21o5038omqo0fgdgjpgri,BANNED-PenTest User,USAGE,Export: TIFF,-1,2026-04-28 23:34:00.118
cmoj21o5038omqo0fgdgjpgri,BANNED-PenTest User,USAGE,Export: TIFF,-1,2026-04-28 23:34:00.78
cmoj21o5038omqo0fgdgjpgri,BANNED-PenTest User,USAGE,Export: TIFF,-1,2026-04-28 23:34:02.261
cmoj21o5038omqo0fgdgjpgri,BANNED-PenTest User,USAGE,Export: TIFF,-1,2026-04-28 23:34:02.902
cmoj21o5038omqo0fgdgjpgri,BANNED-PenTest User,USAGE,Export: TIFF,-1,2026-04-28 23:34:03.557
cmoj21o5038omqo0fgdgjpgri,BANNED-PenTest User,USAGE,Export: TIFF,-1,2026-04-28 23:34:05.02
cmoj21o5038omqo0fgdgjpgri,BANNED-PenTest User,USAGE,Export: TIFF,-1,2026-04-28 23:34:05.647
cmoj21o5038omqo0fgdgjpgri,BANNED-PenTest User,USAGE,Export: TIFF,-1,2026-04-28 23:35:05.13
cmoj21o5038omqo0fgdgjpgri,BANNED-PenTest User,USAGE,Export: TIFF,-1,2026-04-28 23:35:05.838
cmoj21o5038omqo0fgdgjpgri,BANNED-PenTest User,USAGE,Export: TIFF,-1,2026-04-28 23:35:07.309
cmoj21o5038omqo0fgdgjpgri,BANNED-PenTest User,USAGE,Export: TIFF,-1,2026-04-28 23:35:08.027
cmoj21o5038omqo0fgdgjpgri,BANNED-PenTest User,USAGE,Export: TIFF,-1,2026-04-28 23:37:04.31
cmoj21o5038omqo0fgdgjpgri,BANNED-PenTest User,USAGE,Export: TIFF,-1,2026-04-28 23:37:05.054
cmoj21o5038omqo0fgdgjpgri,BANNED-PenTest User,USAGE,Export: TIFF,-1,2026-04-28 23:37:06.613
cmoj21o5038omqo0fgdgjpgri,BANNED-PenTest User,USAGE,Export: TIFF,-1,2026-04-28 23:37:07.329
cmoj21o5038omqo0fgdgjpgri,BANNED-PenTest User,USAGE,Export: TIFF,-1,2026-04-28 23:37:08.062
cmoj21o5038omqo0fgdgjpgri,BANNED-PenTest User,USAGE,Export: TIFF,-1,2026-04-28 23:37:09.61
cmoj21o5038omqo0fgdgjpgri,BANNED-PenTest User,USAGE,Export: TIFF,-1,2026-04-28 23:37:10.299
cmoj21o5038omqo0fgdgjpgri,BANNED-PenTest User,USAGE,Export: TIFF,-1,2026-04-28 23:38:08.834
cmoj21o5038omqo0fgdgjpgri,BANNED-PenTest User,USAGE,Export: TIFF,-1,2026-04-28 23:38:10.328
cmoj21o5038omqo0fgdgjpgri,BANNED-PenTest User,USAGE,Export: TIFF,-1,2026-04-28 23:38:11.801
cmoj21o5038omqo0fgdgjpgri,BANNED-PenTest User,USAGE,Export: TIFF,-1,2026-04-28 23:38:13.665
cmoj21o5038omqo0fgdgjpgri,BANNED-PenTest User,USAGE,Export: TIFF,-1,2026-04-28 23:38:15.117
cmoj21o5038omqo0fgdgjpgri,BANNED-PenTest User,USAGE,Export: TIFF,-1,2026-04-28 23:39:22.058
cmoj21o5038omqo0fgdgjpgri,BANNED-PenTest User,USAGE,Export: TIFF,-1,2026-04-28 23:39:23.569
cmoj21o5038omqo0fgdgjpgri,BANNED-PenTest User,USAGE,Export: TIFF,-1,2026-04-28 23:39:25.051
cmoj21o5038omqo0fgdgjpgri,BANNED-PenTest User,USAGE,Export: TIFF,-1,2026-04-28 23:39:26.502
cmoj21o5038omqo0fgdgjpgri,BANNED-PenTest User,USAGE,Export: TIFF,-1,2026-04-28 23:39:31.789
cmoj21o5038omqo0fgdgjpgri,BANNED-PenTest User,USAGE,Export: TIFF,-1,2026-04-28 23:39:37.13
cmoj21o5038omqo0fgdgjpgri,BANNED-PenTest User,USAGE,Export: TIFF,-1,2026-04-28 23:41:32.453
cmoj21o5038omqo0fgdgjpgri,BANNED-PenTest User,USAGE,Export: TIFF,-1,2026-04-28 23:41:33.957
cmoj21o5038omqo0fgdgjpgri,BANNED-PenTest User,USAGE,Export: TIFF,-1,2026-04-28 23:41:35.415
cmoj21o5038omqo0fgdgjpgri,BANNED-PenTest User,USAGE,Export: TIFF,-1,2026-04-28 23:41:36.912
cmoj21o5038omqo0fgdgjpgri,BANNED-PenTest User,USAGE,Export: TIFF,-1,2026-04-28 23:41:38.39
cmoj21o5038omqo0fgdgjpgri,BANNED-PenTest User,USAGE,Export: TIFF,-1,2026-04-28 23:41:44.963
cmoj21o5038omqo0fgdgjpgri,BANNED-PenTest User,USAGE,Export: TIFF,-1,2026-04-28 23:41:51.608
cmoj21o5038omqo0fgdgjpgri,BANNED-PenTest User,USAGE,Export: TIFF,-1,2026-04-28 23:41:58.194
cmoj21o5038omqo0fgdgjpgri,BANNED-PenTest User,USAGE,Export: TIFF,-1,2026-04-28 23:42:04.739
cmoj21o5038omqo0fgdgjpgri,BANNED-PenTest User,USAGE,Export: TIFF,-1,2026-04-28 23:42:10.996
cmoj21o5038omqo0fgdgjpgri,BANNED-PenTest User,USAGE,Export: TIFF,-1,2026-04-28 23:42:17.245
cmoj21o5038omqo0fgdgjpgri,BANNED-PenTest User,USAGE,Export: TIFF,-1,2026-04-28 23:42:23.523
cmoj21o5038omqo0fgdgjpgri,BANNED-PenTest User,USAGE,Export: TIFF,-1,2026-04-28 23:42:29.767
cmoj21o5038omqo0fgdgjpgri,BANNED-PenTest User,USAGE,Export: TIFF,-1,2026-04-28 23:42:36.007
cmoj21o5038omqo0fgdgjpgri,BANNED-PenTest User,USAGE,Export: TIFF,-1,2026-04-28 23:42:42.347
cmoj21o5038omqo0fgdgjpgri,BANNED-PenTest User,USAGE,Export: TIFF,-1,2026-04-28 23:42:44.821
cmoj21o5038omqo0fgdgjpgri,BANNED-PenTest User,USAGE,Export: TIFF,-1,2026-04-28 23:42:51.088
cmoj21o5038omqo0fgdgjpgri,BANNED-PenTest User,USAGE,Export: TIFF,-1,2026-04-28 23:42:57.296
cmoj21o5038omqo0fgdgjpgri,BANNED-PenTest User,USAGE,Export: TIFF,-1,2026-04-28 23:43:03.544
cmoj21o5038omqo0fgdgjpgri,BANNED-PenTest User,USAGE,Export: TIFF,-1,2026-04-28 23:43:10.152
cmoj21o5038omqo0fgdgjpgri,BANNED-PenTest User,USAGE,Export: TIFF,-1,2026-04-28 23:43:16.478
cmoj21o5038omqo0fgdgjpgri,BANNED-PenTest User,USAGE,Export: TIFF,-1,2026-04-28 23:43:22.704
cmoj21o5038omqo0fgdgjpgri,BANNED-PenTest User,USAGE,Export: TIFF,-1,2026-04-28 23:43:28.878
cmoj21o5038omqo0fgdgjpgri,BANNED-PenTest User,USAGE,Export: TIFF,-1,2026-04-28 23:43:35.121
cmoj21o5038omqo0fgdgjpgri,BANNED-PenTest User,USAGE,Export: TIFF,-1,2026-04-28 23:43:41.311
cmoj21o5038omqo0fgdgjpgri,BANNED-PenTest User,USAGE,Export: TIFF,-1,2026-04-28 23:43:47.536
cmoj21o5038omqo0fgdgjpgri,BANNED-PenTest User,USAGE,Export: TIFF,-1,2026-04-28 23:43:53.817
cmoj21o5038omqo0fgdgjpgri,BANNED-PenTest User,USAGE,Export: TIFF,-1,2026-04-28 23:44:00.09
cmoj21o5038omqo0fgdgjpgri,BANNED-PenTest User,USAGE,Export: TIFF,-1,2026-04-28 23:44:06.389
cmoj21o5038omqo0fgdgjpgri,BANNED-PenTest User,USAGE,Export: TIFF,-1,2026-04-28 23:44:12.63
cmoj21o5038omqo0fgdgjpgri,BANNED-PenTest User,USAGE,Export: TIFF,-1,2026-04-28 23:44:18.823
cmoj21o5038omqo0fgdgjpgri,BANNED-PenTest User,USAGE,Export: TIFF,-1,2026-04-28 23:44:21.21
cmoj21o5038omqo0fgdgjpgri,BANNED-PenTest User,USAGE,Export: TIFF,-1,2026-04-28 23:44:27.549
cmoj21o5038omqo0fgdgjpgri,BANNED-PenTest User,USAGE,Export: TIFF,-1,2026-04-28 23:44:33.747
cmoj21o5038omqo0fgdgjpgri,BANNED-PenTest User,USAGE,Export: TIFF,-1,2026-04-28 23:45:40.307
cmoj21o5038omqo0fgdgjpgri,BANNED-PenTest User,USAGE,Export: TIFF,-1,2026-04-28 23:45:41.764
cmoj21o5038omqo0fgdgjpgri,BANNED-PenTest User,USAGE,Export: TIFF,-1,2026-04-28 23:45:43.238
cmoj21o5038omqo0fgdgjpgri,BANNED-PenTest User,USAGE,Export: TIFF,-1,2026-04-28 23:45:45.162
cmoj21o5038omqo0fgdgjpgri,BANNED-PenTest User,USAGE,Export: TIFF,-1,2026-04-28 23:46:57.33
cmoj21o5038omqo0fgdgjpgri,BANNED-PenTest User,USAGE,Export: TIFF,-1,2026-04-28 23:46:58.802
cmoj21o5038omqo0fgdgjpgri,BANNED-PenTest User,USAGE,Export: TIFF,-1,2026-04-28 23:47:00.598
cmoj21o5038omqo0fgdgjpgri,BANNED-PenTest User,USAGE,Export: TIFF,-1,2026-04-28 23:48:05.966
cmoj21o5038omqo0fgdgjpgri,BANNED-PenTest User,USAGE,Export: TIFF,-1,2026-04-28 23:48:06.688
cmoj21o5038omqo0fgdgjpgri,BANNED-PenTest User,USAGE,PATTERN_GENERATION - Sapphire Neural Core v4,-2,2026-04-28 23:48:08.707
cmoj21o5038omqo0fgdgjpgri,BANNED-PenTest User,REFUND,Engine Sync Failure - Refunded,2,2026-04-28 23:48:08.724
cmoj21o5038omqo0fgdgjpgri,BANNED-PenTest User,USAGE,PATTERN_GENERATION - Sapphire Neural Core v4,-2,2026-04-28 23:48:46.227
cmoj21o5038omqo0fgdgjpgri,BANNED-PenTest User,USAGE,Export: TIFF,-1,2026-04-28 23:50:28.94
cmoj21o5038omqo0fgdgjpgri,BANNED-PenTest User,USAGE,Export: TIFF,-1,2026-04-28 23:50:30.395
cmoj21o5038omqo0fgdgjpgri,BANNED-PenTest User,USAGE,Export: TIFF,-1,2026-04-28 23:51:41.506
cmoj21o5038omqo0fgdgjpgri,BANNED-PenTest User,USAGE,Export: TIFF,-1,2026-04-28 23:51:43.448
cmoj21o5038omqo0fgdgjpgri,BANNED-PenTest User,USAGE,Export: TIFF,-1,2026-04-28 23:52:54.711
cmoj21o5038omqo0fgdgjpgri,BANNED-PenTest User,USAGE,Export: TIFF,-1,2026-04-28 23:52:55.923
cmoj21o5038omqo0fgdgjpgri,BANNED-PenTest User,USAGE,Export: TIFF,-1,2026-04-28 23:52:56.881
cmoj21o5038omqo0fgdgjpgri,BANNED-PenTest User,USAGE,Export: TIFF,-1,2026-04-28 23:52:57.744
cmoj21o5038omqo0fgdgjpgri,BANNED-PenTest User,USAGE,Export: TIFF,-1,2026-04-28 23:52:58.698
cmoj21o5038omqo0fgdgjpgri,BANNED-PenTest User,USAGE,Export: TIFF,-1,2026-04-28 23:53:47.608
cmoj21o5038omqo0fgdgjpgri,BANNED-PenTest User,USAGE,Export: TIFF,-1,2026-04-28 23:53:48.08
cmoj21o5038omqo0fgdgjpgri,BANNED-PenTest User,USAGE,Export: TIFF,-1,2026-04-28 23:53:48.45
cmoj21o5038omqo0fgdgjpgri,BANNED-PenTest User,USAGE,Export: TIFF,-1,2026-04-28 23:53:48.923
cmoj21o5038omqo0fgdgjpgri,BANNED-PenTest User,USAGE,Export: TIFF,-1,2026-04-28 23:53:49.366
cmoj21o5038omqo0fgdgjpgri,BANNED-PenTest User,USAGE,Export: TIFF,-1,2026-04-28 23:53:49.819
cmoj21o5038omqo0fgdgjpgri,BANNED-PenTest User,USAGE,Export: TIFF,-1,2026-04-28 23:53:50.326
cmoj21o5038omqo0fgdgjpgri,BANNED-PenTest User,USAGE,Export: TIFF,-1,2026-04-28 23:53:50.719
cmoj21o5038omqo0fgdgjpgri,BANNED-PenTest User,USAGE,Export: TIFF,-1,2026-04-28 23:53:51.197
cmoj21o5038omqo0fgdgjpgri,BANNED-PenTest User,USAGE,Export: TIFF,-1,2026-04-28 23:53:51.674
cmoj21o5038omqo0fgdgjpgri,BANNED-PenTest User,USAGE,Export: TIFF,-1,2026-04-28 23:53:52.069
cmoj21o5038omqo0fgdgjpgri,BANNED-PenTest User,USAGE,Export: TIFF,-1,2026-04-28 23:53:52.5
cmoj21o5038omqo0fgdgjpgri,BANNED-PenTest User,USAGE,Export: TIFF,-1,2026-04-28 23:53:52.951
cmoj21o5038omqo0fgdgjpgri,BANNED-PenTest User,USAGE,Export: TIFF,-1,2026-04-28 23:53:53.33
cmoj21o5038omqo0fgdgjpgri,BANNED-PenTest User,USAGE,Export: TIFF,-1,2026-04-28 23:53:53.762
cmoj21o5038omqo0fgdgjpgri,BANNED-PenTest User,USAGE,Export: TIFF,-1,2026-04-28 23:53:54.228
cmoj21o5038omqo0fgdgjpgri,BANNED-PenTest User,USAGE,Export: TIFF,-1,2026-04-28 23:53:54.621
cmoj21o5038omqo0fgdgjpgri,BANNED-PenTest User,USAGE,Export: TIFF,-1,2026-04-28 23:53:55.018
cmoj21o5038omqo0fgdgjpgri,BANNED-PenTest User,USAGE,Export: TIFF,-1,2026-04-28 23:53:55.4
cmoj21o5038omqo0fgdgjpgri,BANNED-PenTest User,USAGE,Export: TIFF,-1,2026-04-28 23:53:55.871
cmoj21o5038omqo0fgdgjpgri,BANNED-PenTest User,USAGE,Export: TIFF,-1,2026-04-28 23:53:56.339
cmoj21o5038omqo0fgdgjpgri,BANNED-PenTest User,USAGE,Export: TIFF,-1,2026-04-28 23:53:56.8
cmoj21o5038omqo0fgdgjpgri,BANNED-PenTest User,USAGE,Export: TIFF,-1,2026-04-28 23:53:57.245
cmoj21o5038omqo0fgdgjpgri,BANNED-PenTest User,USAGE,Export: TIFF,-1,2026-04-28 23:53:58.736
cmoj21o5038omqo0fgdgjpgri,BANNED-PenTest User,USAGE,Export: TIFF,-1,2026-04-28 23:53:59.211
cmoj21o5038omqo0fgdgjpgri,BANNED-PenTest User,USAGE,Export: TIFF,-1,2026-04-28 23:54:57.353
cmoj21o5038omqo0fgdgjpgri,BANNED-PenTest User,USAGE,Export: TIFF,-1,2026-04-28 23:54:57.802
cmoj21o5038omqo0fgdgjpgri,BANNED-PenTest User,USAGE,Export: TIFF,-1,2026-04-28 23:54:59.269
cmoj21o5038omqo0fgdgjpgri,BANNED-PenTest User,USAGE,Export: TIFF,-1,2026-04-28 23:54:59.732
cmoj21o5038omqo0fgdgjpgri,BANNED-PenTest User,USAGE,Export: TIFF,-1,2026-04-28 23:55:01.258
cmoj21o5038omqo0fgdgjpgri,BANNED-PenTest User,USAGE,Export: TIFF,-1,2026-04-28 23:55:01.631
cmoj21o5038omqo0fgdgjpgri,BANNED-PenTest User,USAGE,Export: TIFF,-1,2026-04-28 23:55:03.079
cmoj21o5038omqo0fgdgjpgri,BANNED-PenTest User,USAGE,Export: TIFF,-1,2026-04-28 23:55:03.515
cmoj21o5038omqo0fgdgjpgri,BANNED-PenTest User,USAGE,Export: TIFF,-1,2026-04-28 23:55:04.984
cmoj21o5038omqo0fgdgjpgri,BANNED-PenTest User,USAGE,Export: TIFF,-1,2026-04-28 23:55:05.456
cmoj21o5038omqo0fgdgjpgri,BANNED-PenTest User,USAGE,Export: TIFF,-1,2026-04-28 23:55:10.749
cmoj21o5038omqo0fgdgjpgri,BANNED-PenTest User,USAGE,Export: TIFF,-1,2026-04-28 23:55:11.212
cmoj21o5038omqo0fgdgjpgri,BANNED-PenTest User,USAGE,Export: TIFF,-1,2026-04-28 23:55:16.527
cmoj21o5038omqo0fgdgjpgri,BANNED-PenTest User,USAGE,Export: TIFF,-1,2026-04-28 23:55:16.98
cmoj21o5038omqo0fgdgjpgri,BANNED-PenTest User,USAGE,Export: TIFF,-1,2026-04-28 23:55:22.3
cmoj21o5038omqo0fgdgjpgri,BANNED-PenTest User,USAGE,Export: TIFF,-1,2026-04-28 23:55:22.759
cmoj21o5038omqo0fgdgjpgri,BANNED-PenTest User,USAGE,Export: TIFF,-1,2026-04-28 23:55:28.094
cmoj21o5038omqo0fgdgjpgri,BANNED-PenTest User,USAGE,Export: TIFF,-1,2026-04-28 23:55:28.574
cmoj21o5038omqo0fgdgjpgri,BANNED-PenTest User,USAGE,Export: TIFF,-1,2026-04-28 23:55:34.202
cmoj21o5038omqo0fgdgjpgri,BANNED-PenTest User,USAGE,Export: TIFF,-1,2026-04-28 23:55:34.65
cmoj21o5038omqo0fgdgjpgri,BANNED-PenTest User,USAGE,Export: TIFF,-1,2026-04-28 23:55:39.976
cmoj21o5038omqo0fgdgjpgri,BANNED-PenTest User,USAGE,Export: TIFF,-1,2026-04-28 23:55:40.537
cmoj21o5038omqo0fgdgjpgri,BANNED-PenTest User,USAGE,Export: TIFF,-1,2026-04-28 23:55:45.888
cmoj21o5038omqo0fgdgjpgri,BANNED-PenTest User,USAGE,Export: TIFF,-1,2026-04-28 23:55:46.339
cmoj21o5038omqo0fgdgjpgri,BANNED-PenTest User,USAGE,Export: TIFF,-1,2026-04-28 23:57:28.321
cmoj21o5038omqo0fgdgjpgri,BANNED-PenTest User,USAGE,Export: TIFF,-1,2026-04-28 23:57:30.237
cmoj21o5038omqo0fgdgjpgri,BANNED-PenTest User,USAGE,Export: TIFF,-1,2026-04-28 23:57:31.173
cmoj21o5038omqo0fgdgjpgri,BANNED-PenTest User,USAGE,Export: TIFF,-1,2026-04-28 23:57:31.587
cmoj21o5038omqo0fgdgjpgri,BANNED-PenTest User,USAGE,Export: TIFF,-1,2026-04-28 23:57:33.157
cmoj21o5038omqo0fgdgjpgri,BANNED-PenTest User,USAGE,Export: TIFF,-1,2026-04-28 23:57:33.95
cmoj21o5038omqo0fgdgjpgri,BANNED-PenTest User,USAGE,Export: TIFF,-1,2026-04-28 23:57:34.683
cmoj21o5038omqo0fgdgjpgri,BANNED-PenTest User,USAGE,Export: TIFF,-1,2026-04-28 23:57:36.389
cmoj21o5038omqo0fgdgjpgri,BANNED-PenTest User,USAGE,Export: TIFF,-1,2026-04-28 23:57:37.215
cmoj21o5038omqo0fgdgjpgri,BANNED-PenTest User,USAGE,Export: TIFF,-1,2026-04-28 23:57:38.027
cmoj21o5038omqo0fgdgjpgri,BANNED-PenTest User,USAGE,Export: TIFF,-1,2026-04-28 23:59:01.765
cmoj21o5038omqo0fgdgjpgri,BANNED-PenTest User,USAGE,Export: TIFF,-1,2026-04-28 23:59:02.251
cmoj21o5038omqo0fgdgjpgri,BANNED-PenTest User,USAGE,Export: TIFF,-1,2026-04-28 23:59:03.747
cmoj21o5038omqo0fgdgjpgri,BANNED-PenTest User,USAGE,Export: TIFF,-1,2026-04-28 23:59:04.193
cmoj21o5038omqo0fgdgjpgri,BANNED-PenTest User,USAGE,Export: TIFF,-1,2026-04-28 23:59:04.674
cmoj21o5038omqo0fgdgjpgri,BANNED-PenTest User,USAGE,Export: TIFF,-1,2026-04-28 23:59:06.149
cmoj21o5038omqo0fgdgjpgri,BANNED-PenTest User,USAGE,Export: TIFF,-1,2026-04-28 23:59:06.591
cmoj21o5038omqo0fgdgjpgri,BANNED-PenTest User,USAGE,Export: TIFF,-1,2026-04-28 23:59:06.966
cmoj21o5038omqo0fgdgjpgri,BANNED-PenTest User,USAGE,Export: TIFF,-1,2026-04-28 23:59:08.548
cmoj21o5038omqo0fgdgjpgri,BANNED-PenTest User,USAGE,Export: TIFF,-1,2026-04-28 23:59:09.008
cmoj21o5038omqo0fgdgjpgri,BANNED-PenTest User,USAGE,Export: TIFF,-1,2026-04-28 23:59:09.473
cmoj21o5038omqo0fgdgjpgri,BANNED-PenTest User,USAGE,Export: TIFF,-1,2026-04-28 23:59:10.846
cmoj21o5038omqo0fgdgjpgri,BANNED-PenTest User,USAGE,Export: TIFF,-1,2026-04-28 23:59:11.224
cmoj21o5038omqo0fgdgjpgri,BANNED-PenTest User,USAGE,Export: TIFF,-1,2026-04-28 23:59:11.657
cmoj21o5038omqo0fgdgjpgri,BANNED-PenTest User,USAGE,Export: TIFF,-1,2026-04-28 23:59:16.957
cmoj21o5038omqo0fgdgjpgri,BANNED-PenTest User,USAGE,Export: TIFF,-1,2026-04-28 23:59:17.434
cmoj21o5038omqo0fgdgjpgri,BANNED-PenTest User,USAGE,Export: TIFF,-1,2026-04-28 23:59:17.9
cmoj21o5038omqo0fgdgjpgri,BANNED-PenTest User,USAGE,Export: TIFF,-1,2026-04-28 23:59:19.605
cmoj21o5038omqo0fgdgjpgri,BANNED-PenTest User,USAGE,Export: TIFF,-1,2026-04-28 23:59:20.046
cmoj21o5038omqo0fgdgjpgri,BANNED-PenTest User,USAGE,Export: TIFF,-1,2026-04-28 23:59:20.405
cmoj21o5038omqo0fgdgjpgri,BANNED-PenTest User,USAGE,Export: TIFF,-1,2026-04-29 00:02:15.642
cmoj21o5038omqo0fgdgjpgri,BANNED-PenTest User,USAGE,Export: TIFF,-1,2026-04-29 00:02:16.211
cmoj21o5038omqo0fgdgjpgri,BANNED-PenTest User,USAGE,Export: TIFF,-1,2026-04-29 00:02:16.767
cmoj21o5038omqo0fgdgjpgri,BANNED-PenTest User,USAGE,Export: TIFF,-1,2026-04-29 00:02:17.339
cmoj21o5038omqo0fgdgjpgri,BANNED-PenTest User,USAGE,Export: TIFF,-1,2026-04-29 00:02:18.844
cmoj21o5038omqo0fgdgjpgri,BANNED-PenTest User,USAGE,Export: TIFF,-1,2026-04-29 00:02:19.399
cmoj21o5038omqo0fgdgjpgri,BANNED-PenTest User,USAGE,Export: TIFF,-1,2026-04-29 00:02:19.973
cmoj21o5038omqo0fgdgjpgri,BANNED-PenTest User,USAGE,Export: TIFF,-1,2026-04-29 00:02:20.574
cmoj21o5038omqo0fgdgjpgri,BANNED-PenTest User,USAGE,Export: TIFF,-1,2026-04-29 00:02:22.073
cmoj21o5038omqo0fgdgjpgri,BANNED-PenTest User,USAGE,Export: TIFF,-1,2026-04-29 00:02:22.634
cmoj21o5038omqo0fgdgjpgri,BANNED-PenTest User,USAGE,Export: TIFF,-1,2026-04-29 00:02:23.203
cmoj21o5038omqo0fgdgjpgri,BANNED-PenTest User,USAGE,Export: TIFF,-1,2026-04-29 00:02:23.784
cmoj21o5038omqo0fgdgjpgri,BANNED-PenTest User,USAGE,Export: TIFF,-1,2026-04-29 00:02:25.289
cmoj21o5038omqo0fgdgjpgri,BANNED-PenTest User,USAGE,Export: TIFF,-1,2026-04-29 00:02:25.854
cmoj21o5038omqo0fgdgjpgri,BANNED-PenTest User,USAGE,Export: TIFF,-1,2026-04-29 00:02:26.405
cmoj21o5038omqo0fgdgjpgri,BANNED-PenTest User,USAGE,Export: TIFF,-1,2026-04-29 00:02:26.976
cmoj21o5038omqo0fgdgjpgri,BANNED-PenTest User,USAGE,Export: TIFF,-1,2026-04-29 00:02:28.476
cmoj21o5038omqo0fgdgjpgri,BANNED-PenTest User,USAGE,Export: TIFF,-1,2026-04-29 00:02:29.381
cmoj21o5038omqo0fgdgjpgri,BANNED-PenTest User,USAGE,Export: TIFF,-1,2026-04-29 00:02:29.858
cmoj21o5038omqo0fgdgjpgri,BANNED-PenTest User,USAGE,Export: TIFF,-1,2026-04-29 00:02:30.42
cmoj21o5038omqo0fgdgjpgri,BANNED-PenTest User,USAGE,Export: TIFF,-1,2026-04-29 00:02:31.911
cmoj21o5038omqo0fgdgjpgri,BANNED-PenTest User,USAGE,Export: TIFF,-1,2026-04-29 00:02:32.472
cmoj21o5038omqo0fgdgjpgri,BANNED-PenTest User,USAGE,Export: TIFF,-1,2026-04-29 00:02:33.04
cmoj21o5038omqo0fgdgjpgri,BANNED-PenTest User,USAGE,Export: TIFF,-1,2026-04-29 00:02:33.628
cmoj21o5038omqo0fgdgjpgri,BANNED-PenTest User,USAGE,Export: TIFF,-1,2026-04-29 00:02:35.123
cmoj21o5038omqo0fgdgjpgri,BANNED-PenTest User,USAGE,Export: TIFF,-1,2026-04-29 00:02:35.586
cmoj21o5038omqo0fgdgjpgri,BANNED-PenTest User,USAGE,Export: TIFF,-1,2026-04-29 00:02:36.162
cmoj21o5038omqo0fgdgjpgri,BANNED-PenTest User,USAGE,Export: TIFF,-1,2026-04-29 00:02:36.676
cmoj21o5038omqo0fgdgjpgri,BANNED-PenTest User,USAGE,Export: TIFF,-1,2026-04-29 00:02:42.091
cmoj21o5038omqo0fgdgjpgri,BANNED-PenTest User,USAGE,Export: TIFF,-1,2026-04-29 00:02:42.648
cmoj21o5038omqo0fgdgjpgri,BANNED-PenTest User,USAGE,Export: TIFF,-1,2026-04-29 00:03:19.354
cmoj21o5038omqo0fgdgjpgri,BANNED-PenTest User,USAGE,Export: TIFF,-1,2026-04-29 00:03:19.923
cmoj21o5038omqo0fgdgjpgri,BANNED-PenTest User,USAGE,Export: TIFF,-1,2026-04-29 00:03:25.23
cmoj21o5038omqo0fgdgjpgri,BANNED-PenTest User,USAGE,Export: TIFF,-1,2026-04-29 00:03:25.796
cmoj21o5038omqo0fgdgjpgri,BANNED-PenTest User,USAGE,Export: TIFF,-1,2026-04-29 00:03:31.119
cmoj21o5038omqo0fgdgjpgri,BANNED-PenTest User,USAGE,Export: TIFF,-1,2026-04-29 00:03:31.662
cmoj21o5038omqo0fgdgjpgri,BANNED-PenTest User,USAGE,PATTERN_GENERATION - Sapphire Neural Core v4,-2,2026-04-29 00:05:04.384
cmoj21o5038omqo0fgdgjpgri,BANNED-PenTest User,REFUND,Engine Sync Failure - Refunded,2,2026-04-29 00:05:04.424
cmoj21o5038omqo0fgdgjpgri,BANNED-PenTest User,USAGE,PATTERN_GENERATION - Sapphire Neural Core v4,-2,2026-04-29 00:05:54.838
cmoj21o5038omqo0fgdgjpgri,BANNED-PenTest User,USAGE,PATTERN_GENERATION - Sapphire Neural Core v4,-2,2026-04-29 00:05:55.423
cmoj21o5038omqo0fgdgjpgri,BANNED-PenTest User,USAGE,PATTERN_GENERATION - Sapphire Neural Core v4,-2,2026-04-29 00:05:56.042
cmoj21o5038omqo0fgdgjpgri,BANNED-PenTest User,USAGE,PATTERN_GENERATION - Sapphire Neural Core v4,-2,2026-04-29 00:05:56.654
cmoj21o5038omqo0fgdgjpgri,BANNED-PenTest User,REFUND,Engine Sync Failure - Refunded,2,2026-04-29 00:05:56.787
cmoj21o5038omqo0fgdgjpgri,BANNED-PenTest User,USAGE,PATTERN_GENERATION - Sapphire Neural Core v4,-2,2026-04-29 00:05:57.236
cmoj21o5038omqo0fgdgjpgri,BANNED-PenTest User,USAGE,PATTERN_GENERATION - Sapphire Neural Core v4,-2,2026-04-29 00:05:57.738
cmoj21o5038omqo0fgdgjpgri,BANNED-PenTest User,USAGE,Desen üretimi,-100,2026-04-29 00:06:02.942
cmoj21o5038omqo0fgdgjpgri,BANNED-PenTest User,USAGE,Desen üretimi,-1,2026-04-29 00:06:03.314
cmoj21o5038omqo0fgdgjpgri,BANNED-PenTest User,USAGE,Desen üretimi,-100,2026-04-29 00:06:03.777
cmoj21o5038omqo0fgdgjpgri,BANNED-PenTest User,USAGE,PATTERN_GENERATION - Sapphire Neural Core v4,-2,2026-04-29 00:06:04.685
cmoj21o5038omqo0fgdgjpgri,BANNED-PenTest User,USAGE,Desen üretimi,1,2026-04-29 00:06:50.614
cmoj21o5038omqo0fgdgjpgri,BANNED-PenTest User,USAGE,Desen üretimi,100,2026-04-29 00:06:51.066
cmoj21o5038omqo0fgdgjpgri,BANNED-PenTest User,USAGE,Desen üretimi,-1,2026-04-29 00:07:59.592
cmoj21o5038omqo0fgdgjpgri,BANNED-PenTest User,USAGE,Desen üretimi,-1,2026-04-29 00:08:00.534
cmoj21o5038omqo0fgdgjpgri,BANNED-PenTest User,USAGE,Desen üretimi,-1,2026-04-29 00:08:01.482
cmoj21o5038omqo0fgdgjpgri,BANNED-PenTest User,USAGE,Desen üretimi,-1,2026-04-29 00:08:02.372
cmojaqpxc3a7xqo0fd6eis547,BANNED-NewPenTest2,BONUS,Hoşgeldin bonusu (tek seferlik),10,2026-04-29 00:08:06.354
cmojaqpxc3a7xqo0fd6eis547,BANNED-NewPenTest2,USAGE,PATTERN_GENERATION - Sapphire Neural Core v4,-2,2026-04-29 00:11:16.164
cmojaqpxc3a7xqo0fd6eis547,BANNED-NewPenTest2,USAGE,PATTERN_GENERATION - Sapphire Neural Core v4,-2,2026-04-29 00:11:24.124
cmojaqpxc3a7xqo0fd6eis547,BANNED-NewPenTest2,USAGE,PATTERN_GENERATION - Sapphire Neural Core v4,-2,2026-04-29 00:11:30.864
cmojaqpxc3a7xqo0fd6eis547,BANNED-NewPenTest2,REFUND,Engine Sync Failure - Refunded,2,2026-04-29 00:11:30.949
cmojaqpxc3a7xqo0fd6eis547,BANNED-NewPenTest2,USAGE,Export: TIFF,-1,2026-04-29 00:11:33.898
cmojaqpxc3a7xqo0fd6eis547,BANNED-NewPenTest2,USAGE,Export: TIFF,-1,2026-04-29 00:12:10.47
cmojaqpxc3a7xqo0fd6eis547,BANNED-NewPenTest2,USAGE,Export: TIFF,-1,2026-04-29 00:12:15.222
cmojaxg6p3a8gqo0foa1a4acs,BANNED-PT,BONUS,Hoşgeldin bonusu (tek seferlik),10,2026-04-29 00:13:20.321
cmojaxg6p3a8gqo0foa1a4acs,BANNED-PT,USAGE,Export: TIFF,-1,2026-04-29 00:13:22.509
cmojaxg6p3a8gqo0foa1a4acs,BANNED-PT,USAGE,Export: PDF,-1,2026-04-29 00:13:25.956
cmojaqpxc3a7xqo0fd6eis547,BANNED-NewPenTest2,USAGE,Export: TIFF,-1,2026-04-29 00:14:38.851
cmojb0rg23a8rqo0fjef8rgy5,BANNED-PT,BONUS,Hoşgeldin bonusu (tek seferlik),10,2026-04-29 00:15:54.879
cmojb0rg23a8rqo0fjef8rgy5,BANNED-PT,USAGE,Export: TIFF,-1,2026-04-29 00:15:58.071
cmojb0rg23a8rqo0fjef8rgy5,BANNED-PT,USAGE,Export: TIFF,-1,2026-04-29 00:16:03.738
cmojb2bjy3a90qo0fuuweajoe,BANNED-PT,BONUS,Hoşgeldin bonusu (tek seferlik),10,2026-04-29 00:17:07.588
cmojb2bjy3a90qo0fuuweajoe,BANNED-PT,USAGE,Export: TIFF,-1,2026-04-29 00:17:11.064
cmojb2bjy3a90qo0fuuweajoe,BANNED-PT,USAGE,Export: TIFF,-1,2026-04-29 00:17:16.003
cmojb4bjj3a99qo0f9qzg96p2,BANNED-PT,BONUS,Hoşgeldin bonusu (tek seferlik),10,2026-04-29 00:18:40.902
cmojb4bjj3a99qo0f9qzg96p2,BANNED-PT,USAGE,Export: TIFF,-1,2026-04-29 00:18:44.184
cmojb4bjj3a99qo0f9qzg96p2,BANNED-PT,USAGE,Export: TIFF,-1,2026-04-29 00:18:45.614
cmojb4bjj3a99qo0f9qzg96p2,BANNED-PT,USAGE,Export: TIFF,-1,2026-04-29 00:18:47.112
cmojb6chd3a9kqo0f14wrd4r5,BANNED-PT,BONUS,Hoşgeldin bonusu (tek seferlik),10,2026-04-29 00:20:15.423
cmojb6chd3a9kqo0f14wrd4r5,BANNED-PT,USAGE,Export: TIFF,-1,2026-04-29 00:20:18.707
cmojb6chd3a9kqo0f14wrd4r5,BANNED-PT,USAGE,Export: TIFF,-1,2026-04-29 00:20:20.098
cmojb6chd3a9kqo0f14wrd4r5,BANNED-PT,USAGE,Export: TIFF,-1,2026-04-29 00:20:24.037
cmojb8icj3a9vqo0fhvfimba3,BANNED-PT,BONUS,Hoşgeldin bonusu (tek seferlik),10,2026-04-29 00:21:56.337
cmojb8icj3a9vqo0fhvfimba3,BANNED-PT,USAGE,Export: TIFF,-1,2026-04-29 00:21:59.377
cmojb8icj3a9vqo0fhvfimba3,BANNED-PT,USAGE,Export: TIFF,-1,2026-04-29 00:22:00.778
cmojb8icj3a9vqo0fhvfimba3,BANNED-PT,USAGE,Export: TIFF,-1,2026-04-29 00:22:04.644
cmojb8icj3a9vqo0fhvfimba3,BANNED-PT,USAGE,Export: TIFF,-1,2026-04-29 00:22:08.557
cmojbb4ct3aa8qo0f3v95genq,BANNED-PT,BONUS,Hoşgeldin bonusu (tek seferlik),10,2026-04-29 00:23:58.175
cmojbb4ct3aa8qo0f3v95genq,BANNED-PT,USAGE,Export: TIFF,-1,2026-04-29 00:24:01.732
cmojbba2i3aafqo0f6tq0zpqf,BANNED-check,BONUS,Hoşgeldin bonusu (tek seferlik),10,2026-04-29 00:24:05.568
cmojbbaqd3aakqo0fq8iog7vz,BANNED-check,BONUS,Hoşgeldin bonusu (tek seferlik),10,2026-04-29 00:24:06.428
cmojbbbe93aapqo0fxqji30d9,BANNED-check,BONUS,Hoşgeldin bonusu (tek seferlik),10,2026-04-29 00:24:07.288
cmojbbbzp3aauqo0f7neklcsl,BANNED-check,BONUS,Hoşgeldin bonusu (tek seferlik),10,2026-04-29 00:24:08.064
cmojbbcjt3aazqo0fra5hibz7,BANNED-check,BONUS,Hoşgeldin bonusu (tek seferlik),10,2026-04-29 00:24:08.783
cmojbbd7s3ab4qo0fbdlh1z4i,BANNED-check,BONUS,Hoşgeldin bonusu (tek seferlik),10,2026-04-29 00:24:09.651
cmojbbdve3ab9qo0f7nsgxhwf,BANNED-check,BONUS,Hoşgeldin bonusu (tek seferlik),10,2026-04-29 00:24:10.5
cmojbbej23abeqo0fi0d89h9n,BANNED-check,BONUS,Hoşgeldin bonusu (tek seferlik),10,2026-04-29 00:24:11.348
cmojbbf5u3abjqo0f6wohbevr,BANNED-check,BONUS,Hoşgeldin bonusu (tek seferlik),10,2026-04-29 00:24:12.172
cmojbb4ct3aa8qo0f3v95genq,BANNED-PT,USAGE,Export: TIFF,-1,2026-04-29 00:24:14.009
cmojbujlj3abqqo0f5sy6hlxi,BANNED-PT,BONUS,Hoşgeldin bonusu (tek seferlik),10,2026-04-29 00:39:04.387
cmojbuvuv3abvqo0foxcdx5ou,BANNED-PT,BONUS,Hoşgeldin bonusu (tek seferlik),10,2026-04-29 00:39:20.279
cmojbuvuv3abvqo0foxcdx5ou,BANNED-PT,USAGE,Export: TIFF,-1,2026-04-29 00:39:23.685
cmojbuvuv3abvqo0foxcdx5ou,BANNED-PT,USAGE,Export: TIFF,-1,2026-04-29 00:40:34.976
cmojbuvuv3abvqo0foxcdx5ou,BANNED-PT,USAGE,Export: TIFF,-1,2026-04-29 00:40:36.906
cmojbuvuv3abvqo0foxcdx5ou,BANNED-PT,USAGE,Export: TIFF,-1,2026-04-29 00:40:38.027
cmojbuvuv3abvqo0foxcdx5ou,BANNED-PT,USAGE,Export: TIFF,-1,2026-04-29 00:41:58.966
cmojbuvuv3abvqo0foxcdx5ou,BANNED-PT,USAGE,Export: TIFF,-1,2026-04-29 00:42:05.81
cmojbuvuv3abvqo0foxcdx5ou,BANNED-PT,USAGE,Export: TIFF,-1,2026-04-29 00:43:12.422
cmojruf1j3avoqo0fv8so7vpk,BANNED-Test User,BONUS,Hoşgeldin bonusu (tek seferlik),10,2026-04-29 08:06:52.348
cmojruf1j3avoqo0fv8so7vpk,BANNED-Test User,USAGE,Export: TIFF,-1,2026-04-29 08:10:15.34
cmojruf1j3avoqo0fv8so7vpk,BANNED-Test User,USAGE,Export: TIFF,-1,2026-04-29 08:10:16.125
cmojruf1j3avoqo0fv8so7vpk,BANNED-Test User,USAGE,Export: TIFF,-1,2026-04-29 08:11:06.61
cmojruf1j3avoqo0fv8so7vpk,BANNED-Test User,USAGE,Export: PDF,-1,2026-04-29 08:15:01.556
cmojruf1j3avoqo0fv8so7vpk,BANNED-Test User,USAGE,PATTERN_GENERATION - Sapphire Neural Core v4,-2,2026-04-29 08:15:39.064
cmojruf1j3avoqo0fv8so7vpk,BANNED-Test User,USAGE,Export: TIFF,-1,2026-04-29 08:17:35.486
cmojruf1j3avoqo0fv8so7vpk,BANNED-Test User,USAGE,Export: TIFF,-1,2026-04-29 08:18:19.79
cmojsajj73aw9qo0fzewj9b3t,BANNED-Test User3,BONUS,Hoşgeldin bonusu (tek seferlik),10,2026-04-29 08:19:24.656
cmojsajj73aw9qo0fzewj9b3t,BANNED-Test User3,USAGE,Export: TIFF,-1,2026-04-29 08:20:59.649
cmojsajj73aw9qo0fzewj9b3t,BANNED-Test User3,USAGE,PATTERN_GENERATION - Sapphire Neural Core v4,-2,2026-04-29 08:21:01.945
cmojsajj73aw9qo0fzewj9b3t,BANNED-Test User3,USAGE,Export: TIFF,-1,2026-04-29 08:21:04.145
cmojsajj73aw9qo0fzewj9b3t,BANNED-Test User3,USAGE,Export: TIFF,-1,2026-04-29 08:21:58.954
cmojsajj73aw9qo0fzewj9b3t,BANNED-Test User3,USAGE,Export: TIFF,-1,2026-04-29 08:25:59.984
cmojsajj73aw9qo0fzewj9b3t,BANNED-Test User3,USAGE,Export: TIFF,-1,2026-04-29 08:26:02.139
cmojsk4a03awuqo0ffg02gezn,BANNED-Test User4,BONUS,Hoşgeldin bonusu (tek seferlik),10,2026-04-29 08:26:51.444
cmojsk4a03awuqo0ffg02gezn,BANNED-Test User4,USAGE,Export: TIFF,-1,2026-04-29 08:29:43.672
cmojsk4a03awuqo0ffg02gezn,BANNED-Test User4,USAGE,Export: TIFF,-1,2026-04-29 08:29:44.406
cmojsk4a03awuqo0ffg02gezn,BANNED-Test User4,USAGE,Export: TIFF,-1,2026-04-29 08:29:45.222
cmojsk4a03awuqo0ffg02gezn,BANNED-Test User4,USAGE,Export: TIFF,-1,2026-04-29 08:29:45.969
cmojsk4a03awuqo0ffg02gezn,BANNED-Test User4,USAGE,Export: TIFF,-1,2026-04-29 08:29:46.592
cmojsk4a03awuqo0ffg02gezn,BANNED-Test User4,USAGE,Export: TIFF,-1,2026-04-29 08:29:47.335
cmojsk4a03awuqo0ffg02gezn,BANNED-Test User4,USAGE,Export: TIFF,-1,2026-04-29 08:34:13.581
cmojsk4a03awuqo0ffg02gezn,BANNED-Test User4,USAGE,Export: TIFF,-1,2026-04-29 08:34:39.115
cmojsuo463ay7qo0fwdzpb1zp,BANNED-Test5,BONUS,Hoşgeldin bonusu (tek seferlik),10,2026-04-29 08:35:03.751
cmojsuo463ay7qo0fwdzpb1zp,BANNED-Test5,USAGE,Export: TIFF,-1,2026-04-29 08:37:26.982
cmojsuo463ay7qo0fwdzpb1zp,BANNED-Test5,USAGE,Export: TIFF,-1,2026-04-29 08:37:27.694
cmojsuo463ay7qo0fwdzpb1zp,BANNED-Test5,USAGE,Export: TIFF,-1,2026-04-29 08:37:28.472
cmojsuo463ay7qo0fwdzpb1zp,BANNED-Test5,USAGE,Export: TIFF,-1,2026-04-29 08:37:29.282
cmojsuo463ay7qo0fwdzpb1zp,BANNED-Test5,USAGE,Export: TIFF,-1,2026-04-29 08:37:29.907
cmojsuo463ay7qo0fwdzpb1zp,BANNED-Test5,USAGE,Export: TIFF,-1,2026-04-29 08:37:31.219
cmojsuo463ay7qo0fwdzpb1zp,BANNED-Test5,USAGE,Export: TIFF,-1,2026-04-29 08:37:32.107
cmojsuo463ay7qo0fwdzpb1zp,BANNED-Test5,USAGE,Export: TIFF,-1,2026-04-29 08:37:48.633
cmojt581m3aysqo0fu9r1tf3h,BANNED-Farm,BONUS,Hoşgeldin bonusu (tek seferlik),10,2026-04-29 08:43:16.103
cmojsuo463ay7qo0fwdzpb1zp,BANNED-Test5,USAGE,Export: TIFF,-1,2026-04-29 08:51:54.233
cmojsuo463ay7qo0fwdzpb1zp,BANNED-Test5,USAGE,Export: TIFF,-1,2026-04-29 08:51:54.844
cmojtgrs13az3qo0fba5v67mr,BANNED-ssrf-test,BONUS,Hoşgeldin bonusu (tek seferlik),10,2026-04-29 08:52:14.898
cmojtgrs13az3qo0fba5v67mr,BANNED-ssrf-test,USAGE,Desen üretimi,100,2026-04-29 08:56:48.977
cmojtgrs13az3qo0fba5v67mr,BANNED-ssrf-test,USAGE,Export: TIFF,-1,2026-04-29 08:59:45.237
cmojtgrs13az3qo0fba5v67mr,BANNED-ssrf-test,USAGE,Export: TIFF,-1,2026-04-29 08:59:46.104
cmojtgrs13az3qo0fba5v67mr,BANNED-ssrf-test,USAGE,Export: TIFF,-1,2026-04-29 09:00:16.572
cmojtgrs13az3qo0fba5v67mr,BANNED-ssrf-test,USAGE,Export: TIFF,-1,2026-04-29 09:00:17.444
cmojtgrs13az3qo0fba5v67mr,BANNED-ssrf-test,USAGE,Export: TIFF,-1,2026-04-29 09:00:36.541
cmojtgrs13az3qo0fba5v67mr,BANNED-ssrf-test,USAGE,Export: TIFF,-1,2026-04-29 09:01:37.288
cmojtgrs13az3qo0fba5v67mr,BANNED-ssrf-test,USAGE,Export: TIFF,-1,2026-04-29 09:01:38.294
cmojtgrs13az3qo0fba5v67mr,BANNED-ssrf-test,USAGE,Export: TIFF,-1,2026-04-29 09:02:18.159
cmojtgrs13az3qo0fba5v67mr,BANNED-ssrf-test,USAGE,Export: TIFF,-1,2026-04-29 09:02:19.029
cmojtgrs13az3qo0fba5v67mr,BANNED-ssrf-test,USAGE,Export: TIFF,-1,2026-04-29 09:02:19.851
cmojtgrs13az3qo0fba5v67mr,BANNED-ssrf-test,USAGE,Export: TIFF,-1,2026-04-29 09:02:20.535
cmojtgrs13az3qo0fba5v67mr,BANNED-ssrf-test,USAGE,Export: TIFF,-1,2026-04-29 09:02:21.319
cmojtgrs13az3qo0fba5v67mr,BANNED-ssrf-test,USAGE,Export: TIFF,-1,2026-04-29 09:03:54.308
cmojtgrs13az3qo0fba5v67mr,BANNED-ssrf-test,USAGE,Export: TIFF,-1,2026-04-29 09:04:11.111
cmojtgrs13az3qo0fba5v67mr,BANNED-ssrf-test,USAGE,PATTERN_GENERATION - Sapphire Neural Core v4,-2,2026-04-29 09:06:35.043
cmojtgrs13az3qo0fba5v67mr,BANNED-ssrf-test,REFUND,Engine Sync Failure - Refunded,2,2026-04-29 09:06:35.177
cmojtgrs13az3qo0fba5v67mr,BANNED-ssrf-test,USAGE,Export: TIFF,-1,2026-04-29 09:08:16.997
cmojtgrs13az3qo0fba5v67mr,BANNED-ssrf-test,USAGE,Export: TIFF,-1,2026-04-29 09:08:17.807
cmojtgrs13az3qo0fba5v67mr,BANNED-ssrf-test,USAGE,Export: TIFF,-1,2026-04-29 09:08:51.906
cmojtgrs13az3qo0fba5v67mr,BANNED-ssrf-test,USAGE,Export: TIFF,-1,2026-04-29 09:08:52.716
cmojtgrs13az3qo0fba5v67mr,BANNED-ssrf-test,USAGE,Export: TIFF,-1,2026-04-29 09:08:53.445
cmojtgrs13az3qo0fba5v67mr,BANNED-ssrf-test,USAGE,Export: TIFF,-1,2026-04-29 09:08:54.738
cmojtgrs13az3qo0fba5v67mr,BANNED-ssrf-test,USAGE,Export: TIFF,-1,2026-04-29 09:08:55.981
cmojtgrs13az3qo0fba5v67mr,BANNED-ssrf-test,USAGE,Export: TIFF,-1,2026-04-29 09:08:57.563
cmojtgrs13az3qo0fba5v67mr,BANNED-ssrf-test,USAGE,Export: TIFF,-1,2026-04-29 09:10:57.013
cmojtgrs13az3qo0fba5v67mr,BANNED-ssrf-test,USAGE,Export: TIFF,-1,2026-04-29 09:13:27.405
cmojtgrs13az3qo0fba5v67mr,BANNED-ssrf-test,USAGE,Export: TIFF,-1,2026-04-29 09:13:55.593
cmojtgrs13az3qo0fba5v67mr,BANNED-ssrf-test,USAGE,Export: TIFF,-1,2026-04-29 09:14:35.466
cmojtgrs13az3qo0fba5v67mr,BANNED-ssrf-test,USAGE,Export: TIFF,-1,2026-04-29 09:15:06.76
cmojtgrs13az3qo0fba5v67mr,BANNED-ssrf-test,USAGE,Export: TIFF,-1,2026-04-29 09:15:31.113
cmojtgrs13az3qo0fba5v67mr,BANNED-ssrf-test,USAGE,Export: TIFF,-1,2026-04-29 09:16:02.529
cmojtgrs13az3qo0fba5v67mr,BANNED-ssrf-test,USAGE,Export: TIFF,-1,2026-04-29 09:16:45.062
cmojtgrs13az3qo0fba5v67mr,BANNED-ssrf-test,USAGE,Export: TIFF,-1,2026-04-29 09:17:31.066
cmojtgrs13az3qo0fba5v67mr,BANNED-ssrf-test,USAGE,Export: TIFF,-1,2026-04-29 09:18:05.107
cmojtgrs13az3qo0fba5v67mr,BANNED-ssrf-test,USAGE,Export: TIFF,-1,2026-04-29 09:18:09.113
cmojtgrs13az3qo0fba5v67mr,BANNED-ssrf-test,USAGE,Export: TIFF,-1,2026-04-29 09:18:39.186
cmojtgrs13az3qo0fba5v67mr,BANNED-ssrf-test,USAGE,Export: TIFF,-1,2026-04-29 09:19:16.662
cmojtgrs13az3qo0fba5v67mr,BANNED-ssrf-test,USAGE,Export: TIFF,-1,2026-04-29 09:19:19.147
cmojtgrs13az3qo0fba5v67mr,BANNED-ssrf-test,USAGE,Export: TIFF,-1,2026-04-29 09:19:49.651
cmojtgrs13az3qo0fba5v67mr,BANNED-ssrf-test,USAGE,Export: TIFF,-1,2026-04-29 09:20:35.11
cmojtgrs13az3qo0fba5v67mr,BANNED-ssrf-test,USAGE,Export: TIFF,-1,2026-04-29 09:21:10.705
cmojtgrs13az3qo0fba5v67mr,BANNED-ssrf-test,USAGE,Export: TIFF,-1,2026-04-29 09:21:13.125
cmojtgrs13az3qo0fba5v67mr,BANNED-ssrf-test,USAGE,Export: TIFF,-1,2026-04-29 09:22:57.454
cmojtgrs13az3qo0fba5v67mr,BANNED-ssrf-test,USAGE,Export: TIFF,-1,2026-04-29 09:23:48.927
cmojtgrs13az3qo0fba5v67mr,BANNED-ssrf-test,USAGE,Export: TIFF,-1,2026-04-29 09:23:51.287
cmojtgrs13az3qo0fba5v67mr,BANNED-ssrf-test,USAGE,Export: TIFF,-1,2026-04-29 09:24:24.99
cmojtgrs13az3qo0fba5v67mr,BANNED-ssrf-test,USAGE,Export: TIFF,-1,2026-04-29 09:24:25.968
cmojtgrs13az3qo0fba5v67mr,BANNED-ssrf-test,USAGE,Export: TIFF,-1,2026-04-29 09:24:26.96
cmojtgrs13az3qo0fba5v67mr,BANNED-ssrf-test,USAGE,Export: TIFF,-1,2026-04-29 09:24:59.436
cmojtgrs13az3qo0fba5v67mr,BANNED-ssrf-test,USAGE,Export: TIFF,-1,2026-04-29 09:25:29.884
cmojtgrs13az3qo0fba5v67mr,BANNED-ssrf-test,USAGE,Export: TIFF,-1,2026-04-29 09:25:32.139
cmojtgrs13az3qo0fba5v67mr,BANNED-ssrf-test,USAGE,Export: TIFF,-1,2026-04-29 09:26:07.892
cmojtgrs13az3qo0fba5v67mr,BANNED-ssrf-test,USAGE,Export: TIFF,-1,2026-04-29 09:27:13.365
cmojtgrs13az3qo0fba5v67mr,BANNED-ssrf-test,USAGE,Export: TIFF,-1,2026-04-29 09:27:15.756
cmojtgrs13az3qo0fba5v67mr,BANNED-ssrf-test,USAGE,Export: TIFF,-1,2026-04-29 09:28:00.672
cmojtgrs13az3qo0fba5v67mr,BANNED-ssrf-test,USAGE,Export: TIFF,-1,2026-04-29 09:28:03.054
cmojtgrs13az3qo0fba5v67mr,BANNED-ssrf-test,USAGE,Export: TIFF,-1,2026-04-29 09:28:44.082
cmojtgrs13az3qo0fba5v67mr,BANNED-ssrf-test,USAGE,Export: TIFF,-1,2026-04-29 09:28:44.901
cmojtgrs13az3qo0fba5v67mr,BANNED-ssrf-test,USAGE,Export: TIFF,-1,2026-04-29 09:28:47.361
cmojtgrs13az3qo0fba5v67mr,BANNED-ssrf-test,USAGE,Export: TIFF,-1,2026-04-29 09:29:31.041
cmojtgrs13az3qo0fba5v67mr,BANNED-ssrf-test,USAGE,Export: TIFF,-1,2026-04-29 09:30:04.059
cmojtgrs13az3qo0fba5v67mr,BANNED-ssrf-test,USAGE,Export: TIFF,-1,2026-04-29 09:30:06.512
cmojtgrs13az3qo0fba5v67mr,BANNED-ssrf-test,USAGE,Export: TIFF,-1,2026-04-29 09:30:09.639
cmojtgrs13az3qo0fba5v67mr,BANNED-ssrf-test,USAGE,Export: TIFF,-1,2026-04-29 09:30:12.602
cmojtgrs13az3qo0fba5v67mr,BANNED-ssrf-test,USAGE,Export: TIFF,-1,2026-04-29 09:30:54.156
cmojtgrs13az3qo0fba5v67mr,BANNED-ssrf-test,USAGE,Export: TIFF,-1,2026-04-29 09:30:56.564
cmojtgrs13az3qo0fba5v67mr,BANNED-ssrf-test,USAGE,Export: TIFF,-1,2026-04-29 09:31:54.62
cmojtgrs13az3qo0fba5v67mr,BANNED-ssrf-test,USAGE,Export: TIFF,-1,2026-04-29 09:31:57.245
cmojtgrs13az3qo0fba5v67mr,BANNED-ssrf-test,USAGE,Export: TIFF,-1,2026-04-29 09:32:38.947
cmojtgrs13az3qo0fba5v67mr,BANNED-ssrf-test,USAGE,Export: TIFF,-1,2026-04-29 09:32:41.294
cmojtgrs13az3qo0fba5v67mr,BANNED-ssrf-test,USAGE,Export: TIFF,-1,2026-04-29 09:33:09.32
cmojtgrs13az3qo0fba5v67mr,BANNED-ssrf-test,USAGE,Export: TIFF,-1,2026-04-29 09:36:34.044
cmojtgrs13az3qo0fba5v67mr,BANNED-ssrf-test,USAGE,Export: TIFF,-1,2026-04-29 09:36:53.027
cmojtgrs13az3qo0fba5v67mr,BANNED-ssrf-test,USAGE,Export: TIFF,-1,2026-04-29 09:37:32.541
cmojtgrs13az3qo0fba5v67mr,BANNED-ssrf-test,USAGE,Export: TIFF,-1,2026-04-29 09:37:41.612
cmojtgrs13az3qo0fba5v67mr,BANNED-ssrf-test,USAGE,Export: TIFF,-1,2026-04-29 09:37:42.112
cmojtgrs13az3qo0fba5v67mr,BANNED-ssrf-test,USAGE,Export: PDF,-1,2026-04-29 09:38:45.986
cmojtgrs13az3qo0fba5v67mr,BANNED-ssrf-test,USAGE,Export: TIFF,-1,2026-04-29 09:39:27.484
cmojtgrs13az3qo0fba5v67mr,BANNED-ssrf-test,USAGE,Export: TIFF,-1,2026-04-29 09:39:37.906
cmojtgrs13az3qo0fba5v67mr,BANNED-ssrf-test,USAGE,Export: TIFF,-1,2026-04-29 09:40:11.15
cmojtgrs13az3qo0fba5v67mr,BANNED-ssrf-test,USAGE,Export: TIFF,-1,2026-04-29 09:40:11.907
cmojtgrs13az3qo0fba5v67mr,BANNED-ssrf-test,USAGE,Export: TIFF,-1,2026-04-29 09:40:12.588
cmojtgrs13az3qo0fba5v67mr,BANNED-ssrf-test,USAGE,Export: TIFF,-1,2026-04-29 09:42:00.42
cmojtgrs13az3qo0fba5v67mr,BANNED-ssrf-test,USAGE,Export: TIFF,-1,2026-04-29 09:42:01.863
cmojtgrs13az3qo0fba5v67mr,BANNED-ssrf-test,USAGE,Export: TIFF,-1,2026-04-29 09:42:03.397
cmojtgrs13az3qo0fba5v67mr,BANNED-ssrf-test,USAGE,Export: TIFF,-1,2026-04-29 09:42:04.867
cmojtgrs13az3qo0fba5v67mr,BANNED-ssrf-test,USAGE,Export: TIFF,-1,2026-04-29 09:42:06.439
cmojtgrs13az3qo0fba5v67mr,BANNED-ssrf-test,USAGE,Export: TIFF,-1,2026-04-29 09:42:12.673
cmojtgrs13az3qo0fba5v67mr,BANNED-ssrf-test,USAGE,Export: TIFF,-1,2026-04-29 09:42:19.026
cmojtgrs13az3qo0fba5v67mr,BANNED-ssrf-test,USAGE,Export: TIFF,-1,2026-04-29 09:43:24.024
cmojtgrs13az3qo0fba5v67mr,BANNED-ssrf-test,USAGE,Export: TIFF,-1,2026-04-29 09:43:52.607
cmojtgrs13az3qo0fba5v67mr,BANNED-ssrf-test,USAGE,Export: TIFF,-1,2026-04-29 09:43:54.056
cmojtgrs13az3qo0fba5v67mr,BANNED-ssrf-test,USAGE,Export: TIFF,-1,2026-04-29 09:44:37.59
cmojtgrs13az3qo0fba5v67mr,BANNED-ssrf-test,USAGE,Export: TIFF,-1,2026-04-29 09:45:03.634
cmojtgrs13az3qo0fba5v67mr,BANNED-ssrf-test,USAGE,Export: TIFF,-1,2026-04-29 09:45:05.122
cmojtgrs13az3qo0fba5v67mr,BANNED-ssrf-test,USAGE,Export: TIFF,-1,2026-04-29 09:45:38.187
cmojtgrs13az3qo0fba5v67mr,BANNED-ssrf-test,USAGE,Export: TIFF,-1,2026-04-29 09:46:43.157
cmojtgrs13az3qo0fba5v67mr,BANNED-ssrf-test,USAGE,Export: TIFF,-1,2026-04-29 09:47:16.591
cmojtgrs13az3qo0fba5v67mr,BANNED-ssrf-test,USAGE,Export: TIFF,-1,2026-04-29 09:47:52.088
cmojtgrs13az3qo0fba5v67mr,BANNED-ssrf-test,USAGE,Export: TIFF,-1,2026-04-29 09:48:41.768
cmojtgrs13az3qo0fba5v67mr,BANNED-ssrf-test,USAGE,Export: TIFF,-1,2026-04-29 09:48:43.333
cmojtgrs13az3qo0fba5v67mr,BANNED-ssrf-test,USAGE,Export: TIFF,-1,2026-04-29 09:48:44.839
cmojtgrs13az3qo0fba5v67mr,BANNED-ssrf-test,USAGE,Export: TIFF,-1,2026-04-29 09:48:46.407
cmojtgrs13az3qo0fba5v67mr,BANNED-ssrf-test,USAGE,Export: TIFF,-1,2026-04-29 09:48:47.861
cmojtgrs13az3qo0fba5v67mr,BANNED-ssrf-test,USAGE,Export: TIFF,-1,2026-04-29 09:49:23.697
cmojtgrs13az3qo0fba5v67mr,BANNED-ssrf-test,USAGE,Export: TIFF,-1,2026-04-29 09:50:36.168
cmojvl9hc3b5iqo0fojc586sh,BANNED-test,BONUS,Hoşgeldin bonusu (tek seferlik),10,2026-04-29 09:51:43.694
cmojvl9hc3b5iqo0fojc586sh,BANNED-test,USAGE,Export: TIFF,-1,2026-04-29 09:53:10.386
cmojvl9hc3b5iqo0fojc586sh,BANNED-test,USAGE,Export: TIFF,-1,2026-04-29 09:54:30.641
cmojvl9hc3b5iqo0fojc586sh,BANNED-test,USAGE,Export: TIFF,-1,2026-04-29 09:54:32.093
cmojtgrs13az3qo0fba5v67mr,BANNED-ssrf-test,USAGE,Export: TIFF,-1,2026-04-29 09:57:37.23
cmojvl9hc3b5iqo0fojc586sh,BANNED-test,USAGE,Export: TIFF,-1,2026-04-29 09:57:38.719
cmojvl9hc3b5iqo0fojc586sh,BANNED-test,USAGE,Export: TIFF,-1,2026-04-29 09:58:47.86
cmojvl9hc3b5iqo0fojc586sh,BANNED-test,USAGE,Export: TIFF,-1,2026-04-29 09:59:00.38
cmojvvmmu3b61qo0f3ngf56sk,data-test,BONUS,Hoşgeldin bonusu (tek seferlik),10,2026-04-29 09:59:47.297
cmojvvmmu3b61qo0f3ngf56sk,data-test,USAGE,Export: TIFF,-1,2026-04-29 10:00:15.217
cmojvvmmu3b61qo0f3ngf56sk,data-test,USAGE,Export: TIFF,-1,2026-04-29 10:00:56.359
cmojvvmmu3b61qo0f3ngf56sk,data-test,USAGE,Export: TIFF,-1,2026-04-29 10:01:21.347
